date,index,change,changePct,turnover,traded_shares,transactions,scrips_traded,gainers,losers,unchanged,source
2020-01-01,1169.5,,,369884000.0,,,,,,,merolagani-history
2020-01-02,1166.22,-3.28,-0.28,492519000.0,,,,,,,merolagani-history
2020-01-05,1182.31,16.09,1.38,707960000.0,,,,,,,merolagani-history
2020-01-06,1200.7,18.39,1.56,837496000.0,,,,,,,merolagani-history
2020-01-07,1216.93,16.23,1.35,1093510000.0,,,,,,,merolagani-history
2020-01-08,1209.6,-7.33,-0.6,726469000.0,,,,,,,merolagani-history
2020-01-09,1213.12,3.52,0.29,621094000.0,,,,,,,merolagani-history
2020-01-12,1255.72,42.6,3.51,1291040000.0,,,,,,,merolagani-history
2020-01-13,1270.87,15.15,1.21,1665520000.0,,,,,,,merolagani-history
2020-01-14,1263.38,-7.49,-0.59,888812000.0,,,,,,,merolagani-history
2020-01-15,1284.23,20.85,1.65,893677000.0,,,,,,,merolagani-history
2020-01-16,1310.23,26.0,2.02,1682330000.0,,,,,,,merolagani-history
2020-01-19,1343.66,33.43,2.55,2067830000.0,,,,,,,merolagani-history
2020-01-20,1317.12,-26.54,-1.98,1953780000.0,,,,,,,merolagani-history
2020-01-21,1320.47,3.35,0.25,1226430000.0,,,,,,,merolagani-history
2020-01-22,1313.42,-7.05,-0.53,1567670000.0,,,,,,,merolagani-history
2020-01-23,1297.48,-15.94,-1.21,1376480000.0,,,,,,,merolagani-history
2020-01-26,1276.68,-20.8,-1.6,958623000.0,,,,,,,merolagani-history
2020-01-27,1300.63,23.95,1.88,885585000.0,,,,,,,merolagani-history
2020-01-28,1306.15,5.52,0.42,1373850000.0,,,,,,,merolagani-history
2020-01-29,1305.88,-0.27,-0.02,1265800000.0,,,,,,,merolagani-history
2020-01-30,1325.39,19.51,1.49,1954020000.0,,,,,,,merolagani-history
2020-02-02,1346.65,21.26,1.6,2051670000.0,,,,,,,merolagani-history
2020-02-03,1349.14,2.49,0.18,1590010000.0,,,,,,,merolagani-history
2020-02-04,1337.05,-12.09,-0.9,1554980000.0,,,,,,,merolagani-history
2020-02-05,1342.36,5.31,0.4,1060220000.0,,,,,,,merolagani-history
2020-02-06,1333.69,-8.67,-0.65,1032980000.0,,,,,,,merolagani-history
2020-02-09,1319.99,-13.7,-1.03,922479000.0,,,,,,,merolagani-history
2020-02-10,1324.27,4.28,0.32,908194000.0,,,,,,,merolagani-history
2020-02-11,1341.38,17.11,1.29,1516790000.0,,,,,,,merolagani-history
2020-02-12,1345.98,4.6,0.34,1492170000.0,,,,,,,merolagani-history
2020-02-13,1344.59,-1.39,-0.1,1755100000.0,,,,,,,merolagani-history
2020-02-16,1363.98,19.39,1.44,1955940000.0,,,,,,,merolagani-history
2020-02-17,1398.24,34.26,2.51,2632270000.0,,,,,,,merolagani-history
2020-02-18,1400.01,1.77,0.13,2051430016.0,,,,,,,merolagani-history
2020-02-19,1405.26,5.25,0.37,1591640000.0,,,,,,,merolagani-history
2020-02-20,1434.58,29.32,2.09,2728640000.0,,,,,,,merolagani-history
2020-02-23,1504.14,69.56,4.85,3510800000.0,,,,,,,merolagani-history
2020-02-24,1502.18,-1.96,-0.13,3351440000.0,,,,,,,merolagani-history
2020-02-25,1545.2,43.02,2.86,2954230000.0,,,,,,,merolagani-history
2020-02-26,1596.13,50.93,3.3,4075570000.0,,,,,,,merolagani-history
2020-02-27,1632.18,36.05,2.26,4399200000.0,,,,,,,merolagani-history
2020-03-01,1591.36,-40.82,-2.5,4788470000.0,,,,,,,merolagani-history
2020-03-02,1495.3,-96.06,-6.04,2134110000.0,,,,,,,merolagani-history
2020-03-03,1509.68,14.38,0.96,3805750000.0,,,,,,,merolagani-history
2020-03-04,1441.2,-68.48,-4.54,2881320000.0,,,,,,,merolagani-history
2020-03-05,1435.7,-5.5,-0.38,2416320000.0,,,,,,,merolagani-history
2020-03-10,1349.32,-86.38,-6.02,1055400000.0,,,,,,,merolagani-history
2020-03-11,1423.09,73.77,5.47,2180220000.0,,,,,,,merolagani-history
2020-03-12,1377.18,-45.91,-3.23,2162220000.0,,,,,,,merolagani-history
2020-03-15,1313.04,-64.14,-4.66,2045610000.0,,,,,,,merolagani-history
2020-03-16,1316.4,3.36,0.26,1543330000.0,,,,,,,merolagani-history
2020-03-17,1272.07,-44.33,-3.37,1421840000.0,,,,,,,merolagani-history
2020-03-18,1255.8,-16.27,-1.28,1156460000.0,,,,,,,merolagani-history
2020-03-19,1269.31,13.51,1.08,1828840000.0,,,,,,,merolagani-history
2020-03-22,1251.46,-17.85,-1.41,184541000.0,,,,,,,merolagani-history
2020-05-12,1226.16,-25.3,-2.02,99570200.0,,,,,,,merolagani-history
2020-05-13,1201.58,-24.58,-2.0,3552020.0,,,,,,,merolagani-history
2020-06-29,1188.71,-12.87,-1.07,329137984.0,,,,,,,merolagani-history
2020-06-30,1260.76,72.05,6.06,222636000.0,,,,,,,merolagani-history
2020-07-01,1336.53,75.77,6.01,346069000.0,,,,,,,merolagani-history
2020-07-02,1256.11,-80.42,-6.02,468325000.0,,,,,,,merolagani-history
2020-07-05,1265.45,9.34,0.74,1033390208.0,,,,,,,merolagani-history
2020-07-06,1298.73,33.28,2.63,927841344.0,,,,,,,merolagani-history
2020-07-07,1336.67,37.94,2.92,1193660000.0,,,,,,,merolagani-history
2020-07-08,1326.54,-10.13,-0.76,985237000.0,,,,,,,merolagani-history
2020-07-09,1331.11,4.57,0.34,893830000.0,,,,,,,merolagani-history
2020-07-12,1340.29,9.18,0.69,1076930000.0,,,,,,,merolagani-history
2020-07-13,1342.41,2.12,0.16,943542000.0,,,,,,,merolagani-history
2020-07-14,1347.45,5.04,0.38,940213000.0,,,,,,,merolagani-history
2020-07-15,1362.35,14.9,1.11,1113890000.0,,,,,,,merolagani-history
2020-07-16,1394.77,32.42,2.38,1024270000.0,,,,,,,merolagani-history
2020-07-19,1479.03,84.26,6.04,55379300.0,,,,,,,merolagani-history
2020-07-20,1464.94,-14.09,-0.95,2771480000.0,,,,,,,merolagani-history
2020-07-21,1449.95,-14.99,-1.02,1844780000.0,,,,,,,merolagani-history
2020-07-22,1432.45,-17.5,-1.21,1513820000.0,,,,,,,merolagani-history
2020-07-23,1442.62,10.17,0.71,1294700000.0,,,,,,,merolagani-history
2020-07-26,1465.11,22.49,1.56,1915600000.0,,,,,,,merolagani-history
2020-07-27,1462.48,-2.63,-0.18,1746910000.0,,,,,,,merolagani-history
2020-07-28,1454.89,-7.59,-0.52,1235050000.0,,,,,,,merolagani-history
2020-07-29,1431.53,-23.36,-1.61,1658320000.0,,,,,,,merolagani-history
2020-07-30,1439.06,7.53,0.53,1304170000.0,,,,,,,merolagani-history
2020-08-02,1396.28,-42.78,-2.97,1814880000.0,,,,,,,merolagani-history
2020-08-03,1403.87,7.59,0.54,936878000.0,,,,,,,merolagani-history
2020-08-05,1386.17,-17.7,-1.26,1025830000.0,,,,,,,merolagani-history
2020-08-06,1381.38,-4.79,-0.35,916191000.0,,,,,,,merolagani-history
2020-08-09,1392.68,11.3,0.82,937268000.0,,,,,,,merolagani-history
2020-08-10,1430.42,37.74,2.71,1543200000.0,,,,,,,merolagani-history
2020-08-11,1423.81,-6.61,-0.46,1271738880.0,,,,,,,merolagani-history
2020-08-12,1425.32,1.51,0.11,933964000.0,,,,,,,merolagani-history
2020-08-13,1408.79,-16.53,-1.16,1025200000.0,,,,,,,merolagani-history
2020-08-16,1391.46,-17.33,-1.23,1234080000.0,,,,,,,merolagani-history
2020-08-17,1402.22,10.76,0.77,1045180000.0,,,,,,,merolagani-history
2020-08-18,1407.9,5.68,0.41,1129060000.0,,,,,,,merolagani-history
2020-08-19,1391.3,-16.6,-1.18,953587000.0,,,,,,,merolagani-history
2020-08-20,1397.57,6.27,0.45,389250000.0,,,,,,,merolagani-history
2020-08-23,1410.34,12.77,0.91,1098870000.0,,,,,,,merolagani-history
2020-08-24,1431.61,21.27,1.51,2129170000.0,,,,,,,merolagani-history
2020-08-25,1440.94,9.33,0.65,1839680000.0,,,,,,,merolagani-history
2020-08-26,1462.04,21.1,1.46,2615480000.0,,,,,,,merolagani-history
2020-08-27,1458.04,-4.0,-0.27,1958510000.0,,,,,,,merolagani-history
2020-08-30,1462.67,4.63,0.32,1614554240.0,,,,,,,merolagani-history
2020-08-31,1484.99,22.32,1.53,3372600000.0,,,,,,,merolagani-history
2020-09-02,1510.57,25.58,1.72,4148070000.0,,,,,,,merolagani-history
2020-09-03,1510.42,-0.15,-0.01,2595370000.0,,,,,,,merolagani-history
2020-09-06,1499.98,-10.44,-0.69,2738790000.0,,,,,,,merolagani-history
2020-09-07,1487.81,-12.17,-0.81,2060670000.0,,,,,,,merolagani-history
2020-09-08,1495.16,7.35,0.49,1777340000.0,,,,,,,merolagani-history
2020-09-09,1508.21,13.05,0.87,2487550000.0,,,,,,,merolagani-history
2020-09-10,1520.69,12.48,0.83,2120250000.0,,,,,,,merolagani-history
2020-09-13,1537.25,16.56,1.09,3292950000.0,,,,,,,merolagani-history
2020-09-14,1540.51,3.26,0.21,3069940000.0,,,,,,,merolagani-history
2020-09-15,1536.04,-4.47,-0.29,2065070000.0,,,,,,,merolagani-history
2020-09-16,1541.4,5.36,0.35,1808030000.0,,,,,,,merolagani-history
2020-09-17,1572.19,30.79,2.0,3282220000.0,,,,,,,merolagani-history
2020-09-20,1575.18,2.99,0.19,2701460000.0,,,,,,,merolagani-history
2020-09-21,1569.06,-6.12,-0.39,2598600000.0,,,,,,,merolagani-history
2020-09-22,1546.16,-22.9,-1.46,2764340000.0,,,,,,,merolagani-history
2020-09-23,1555.53,9.37,0.61,1708650000.0,,,,,,,merolagani-history
2020-09-24,1561.27,5.74,0.37,2204940000.0,,,,,,,merolagani-history
2020-09-27,1565.56,4.29,0.27,3093380000.0,,,,,,,merolagani-history
2020-09-28,1560.83,-4.73,-0.3,1659550000.0,,,,,,,merolagani-history
2020-09-29,1553.62,-7.21,-0.46,1803890000.0,,,,,,,merolagani-history
2020-09-30,1550.43,-3.19,-0.21,1936740000.0,,,,,,,merolagani-history
2020-10-01,1571.04,20.61,1.33,2786480000.0,,,,,,,merolagani-history
2020-10-04,1585.76,14.72,0.94,3008880000.0,,,,,,,merolagani-history
2020-10-05,1582.13,-3.63,-0.23,2551630000.0,,,,,,,merolagani-history
2020-10-06,1586.29,4.16,0.26,2496330000.0,,,,,,,merolagani-history
2020-10-07,1600.98,14.69,0.93,3339110000.0,,,,,,,merolagani-history
2020-10-08,1589.64,-11.34,-0.71,2886680000.0,,,,,,,merolagani-history
2020-10-11,1576.27,-13.37,-0.84,2362970000.0,,,,,,,merolagani-history
2020-10-12,1578.01,1.74,0.11,1942570000.0,,,,,,,merolagani-history
2020-10-13,1568.59,-9.42,-0.6,1804910000.0,,,,,,,merolagani-history
2020-10-14,1561.17,-7.42,-0.47,1428360000.0,,,,,,,merolagani-history
2020-10-15,1562.46,1.29,0.08,1387270000.0,,,,,,,merolagani-history
2020-10-18,1556.8,-5.66,-0.36,960634000.0,,,,,,,merolagani-history
2020-10-19,1570.38,13.58,0.87,930854000.0,,,,,,,merolagani-history
2020-10-20,1583.61,13.23,0.84,1212330000.0,,,,,,,merolagani-history
2020-10-21,1597.71,14.1,0.89,1582420000.0,,,,,,,merolagani-history
2020-10-22,1606.26,8.55,0.54,1978940000.0,,,,,,,merolagani-history
2020-10-28,1647.46,41.2,2.56,2696550000.0,,,,,,,merolagani-history
2020-10-29,1645.68,-1.78,-0.11,2873810000.0,,,,,,,merolagani-history
2020-11-01,1640.96,-4.72,-0.29,2858220000.0,,,,,,,merolagani-history
2020-11-02,1637.63,-3.33,-0.2,2394220000.0,,,,,,,merolagani-history
2020-11-03,1643.04,5.41,0.33,2098670000.0,,,,,,,merolagani-history
2020-11-04,1640.64,-2.4,-0.15,1638870000.0,,,,,,,merolagani-history
2020-11-05,1636.17,-4.47,-0.27,2810570000.0,,,,,,,merolagani-history
2020-11-08,1648.59,12.42,0.76,3469490000.0,,,,,,,merolagani-history
2020-11-09,1652.81,4.22,0.26,3668240000.0,,,,,,,merolagani-history
2020-11-10,1678.79,25.98,1.57,4065030000.0,,,,,,,merolagani-history
2020-11-11,1707.68,28.89,1.72,4019390000.0,,,,,,,merolagani-history
2020-11-12,1718.5,10.82,0.63,4043820000.0,,,,,,,merolagani-history
2020-11-18,1741.81,23.31,1.36,4641920000.0,,,,,,,merolagani-history
2020-11-19,1778.13,36.32,2.09,6031340000.0,,,,,,,merolagani-history
2020-11-22,1782.81,4.68,0.26,6827950000.0,,,,,,,merolagani-history
2020-11-23,1780.43,-2.38,-0.13,4674980000.0,,,,,,,merolagani-history
2020-11-24,1810.11,29.68,1.67,5348100000.0,,,,,,,merolagani-history
2020-11-25,1874.82,64.71,3.57,6459030000.0,,,,,,,merolagani-history
2020-11-26,1893.25,18.43,0.98,7456730000.0,,,,,,,merolagani-history
2020-11-29,1968.27,75.02,3.96,8997080000.0,,,,,,,merolagani-history
2020-11-30,1997.06,28.79,1.46,8699700000.0,,,,,,,merolagani-history
2020-12-01,2000.4,3.34,0.17,7258900000.0,,,,,,,merolagani-history
2020-12-02,2071.03,70.63,3.53,7336250000.0,,,,,,,merolagani-history
2020-12-03,2055.45,-15.58,-0.75,7817950000.0,,,,,,,merolagani-history
2020-12-06,1932.11,-123.34,-6.0,7100770000.0,,,,,,,merolagani-history
2020-12-07,2004.39,72.28,3.74,6579610112.0,,,,,,,merolagani-history
2020-12-08,1995.35,-9.04,-0.45,5522160000.0,,,,,,,merolagani-history
2020-12-09,1955.75,-39.6,-1.98,4701040000.0,,,,,,,merolagani-history
2020-12-10,1964.02,8.27,0.42,3831570000.0,,,,,,,merolagani-history
2020-12-13,2010.45,46.43,2.36,4841400000.0,,,,,,,merolagani-history
2020-12-14,2067.17,56.72,2.82,7140990000.0,,,,,,,merolagani-history
2020-12-15,2061.42,-5.75,-0.28,5943410000.0,,,,,,,merolagani-history
2020-12-16,2055.22,-6.2,-0.3,5008350000.0,,,,,,,merolagani-history
2020-12-17,2032.52,-22.7,-1.1,6699110000.0,,,,,,,merolagani-history
2020-12-20,1935.64,-96.88,-4.77,8909960000.0,,,,,,,merolagani-history
2020-12-21,1965.96,30.32,1.57,6659730000.0,,,,,,,merolagani-history
2020-12-22,2061.42,95.46,4.86,6464110000.0,,,,,,,merolagani-history
2020-12-23,2068.46,7.04,0.34,6822150000.0,,,,,,,merolagani-history
2020-12-24,2038.63,-29.83,-1.44,5244790000.0,,,,,,,merolagani-history
2020-12-27,1998.65,-39.98,-1.96,4599820000.0,,,,,,,merolagani-history
2020-12-28,2007.3,8.65,0.43,3769360000.0,,,,,,,merolagani-history
2020-12-29,2012.89,5.59,0.28,3885030000.0,,,,,,,merolagani-history
2020-12-30,2062.06,49.17,2.44,4272150000.0,,,,,,,merolagani-history
2020-12-31,2087.28,25.22,1.22,5644250000.0,,,,,,,merolagani-history
2021-01-03,2175.4,88.12,4.22,6158510000.0,,,,,,,merolagani-history
2021-01-04,2169.04,-6.36,-0.29,5827210000.0,,,,,,,merolagani-history
2021-01-05,2165.5,-3.54,-0.16,4438730000.0,,,,,,,merolagani-history
2021-01-06,2178.57,13.07,0.6,4283510000.0,,,,,,,merolagani-history
2021-01-07,2194.49,15.92,0.73,5820820000.0,,,,,,,merolagani-history
2021-01-10,2235.73,41.24,1.88,6238010000.0,,,,,,,merolagani-history
2021-01-11,2239.43,3.7,0.17,5417250000.0,,,,,,,merolagani-history
2021-01-12,2267.74,28.31,1.26,4911370000.0,,,,,,,merolagani-history
2021-01-13,2286.55,18.81,0.83,5771640000.0,,,,,,,merolagani-history
2021-01-17,2315.01,28.46,1.24,6292100000.0,,,,,,,merolagani-history
2021-01-18,2332.32,17.31,0.75,6122000000.0,,,,,,,merolagani-history
2021-01-19,2326.9,-5.42,-0.23,7274330000.0,,,,,,,merolagani-history
2021-01-20,2342.77,15.87,0.68,6017590000.0,,,,,,,merolagani-history
2021-01-21,2374.64,31.87,1.36,7667080000.0,,,,,,,merolagani-history
2021-01-24,2424.84,50.2,2.11,9294560000.0,,,,,,,merolagani-history
2021-01-25,2440.88,16.04,0.66,8678190000.0,,,,,,,merolagani-history
2021-01-26,2423.09,-17.79,-0.73,8136990000.0,,,,,,,merolagani-history
2021-01-27,2441.85,18.76,0.77,7928810000.0,,,,,,,merolagani-history
2021-01-28,2425.3,-16.55,-0.68,9688540000.0,,,,,,,merolagani-history
2021-01-31,2370.55,-54.75,-2.26,8911930000.0,,,,,,,merolagani-history
2021-02-01,2408.24,37.69,1.59,6890700000.0,,,,,,,merolagani-history
2021-02-02,2473.74,65.5,2.72,8595400000.0,,,,,,,merolagani-history
2021-02-03,2466.92,-6.82,-0.28,9443070000.0,,,,,,,merolagani-history
2021-02-04,2475.27,8.35,0.34,7520610000.0,,,,,,,merolagani-history
2021-02-07,2524.01,48.74,1.97,10391200000.0,,,,,,,merolagani-history
2021-02-08,2561.48,37.47,1.48,10571600000.0,,,,,,,merolagani-history
2021-02-09,2534.37,-27.11,-1.06,8074630000.0,,,,,,,merolagani-history
2021-02-10,2543.03,8.66,0.34,7621640000.0,,,,,,,merolagani-history
2021-02-11,2526.92,-16.11,-0.63,8253520000.0,,,,,,,merolagani-history
2021-02-14,2493.59,-33.33,-1.32,6755210000.0,,,,,,,merolagani-history
2021-02-15,2586.01,92.42,3.71,10227000000.0,,,,,,,merolagani-history
2021-02-16,2601.51,15.5,0.6,9919090000.0,,,,,,,merolagani-history
2021-02-17,2611.45,9.94,0.38,7980270000.0,,,,,,,merolagani-history
2021-02-18,2636.68,25.23,0.97,8646350000.0,,,,,,,merolagani-history
2021-02-21,2640.35,3.67,0.14,8709460000.0,,,,,,,merolagani-history
2021-02-22,2607.67,-32.68,-1.24,8150040000.0,,,,,,,merolagani-history
2021-02-23,2586.51,-21.16,-0.81,8509100000.0,,,,,,,merolagani-history
2021-02-24,2599.56,13.05,0.5,6558179840.0,,,,,,,merolagani-history
2021-02-25,2554.14,-45.42,-1.75,6005900000.0,,,,,,,merolagani-history
2021-02-28,2474.39,-79.75,-3.12,8295560000.0,,,,,,,merolagani-history
2021-03-01,2515.03,40.64,1.64,5592640000.0,,,,,,,merolagani-history
2021-03-02,2455.33,-59.7,-2.37,6077780000.0,,,,,,,merolagani-history
2021-03-03,2416.01,-39.32,-1.6,6087370240.0,,,,,,,merolagani-history
2021-03-04,2506.68,90.67,3.75,5940060000.0,,,,,,,merolagani-history
2021-03-07,2485.1,-21.58,-0.86,4945530000.0,,,,,,,merolagani-history
2021-03-09,2461.88,-23.22,-0.93,4633780000.0,,,,,,,merolagani-history
2021-03-10,2458.49,-3.39,-0.14,3987960000.0,,,,,,,merolagani-history
2021-03-14,2407.26,-51.23,-2.08,4851050000.0,,,,,,,merolagani-history
2021-03-15,2389.19,-18.07,-0.75,4094420000.0,,,,,,,merolagani-history
2021-03-16,2391.75,2.56,0.11,3285320000.0,,,,,,,merolagani-history
2021-03-17,2432.15,40.4,1.69,3203420000.0,,,,,,,merolagani-history
2021-03-18,2475.09,42.94,1.77,4574490000.0,,,,,,,merolagani-history
2021-03-21,2538.47,63.38,2.56,5842800000.0,,,,,,,merolagani-history
2021-03-22,2514.39,-24.08,-0.95,5265280000.0,,,,,,,merolagani-history
2021-03-23,2528.96,14.57,0.58,5042550000.0,,,,,,,merolagani-history
2021-03-24,2570.26,41.3,1.63,6576350000.0,,,,,,,merolagani-history
2021-03-25,2548.97,-21.29,-0.83,6273430000.0,,,,,,,merolagani-history
2021-03-29,2543.52,-5.45,-0.21,4345630000.0,,,,,,,merolagani-history
2021-03-30,2575.67,32.15,1.26,6038650000.0,,,,,,,merolagani-history
2021-03-31,2619.03,43.36,1.68,6107630000.0,,,,,,,merolagani-history
2021-04-01,2631.9,12.87,0.49,7066400000.0,,,,,,,merolagani-history
2021-04-04,2657.61,25.71,0.98,8553410000.0,,,,,,,merolagani-history
2021-04-05,2658.74,1.13,0.04,7083420000.0,,,,,,,merolagani-history
2021-04-06,2674.47,15.73,0.59,7214400000.0,,,,,,,merolagani-history
2021-04-07,2671.62,-2.85,-0.11,7067280000.0,,,,,,,merolagani-history
2021-04-08,2674.36,2.74,0.1,6341230000.0,,,,,,,merolagani-history
2021-04-12,2691.56,17.2,0.64,7388400000.0,,,,,,,merolagani-history
2021-04-13,2714.79,23.23,0.86,7012150000.0,,,,,,,merolagani-history
2021-04-15,2735.46,20.67,0.76,8504350000.0,,,,,,,merolagani-history
2021-04-18,2699.51,-35.95,-1.31,8723750000.0,,,,,,,merolagani-history
2021-04-19,2661.93,-37.58,-1.39,6766801408.0,,,,,,,merolagani-history
2021-04-20,2664.62,2.69,0.1,5411400000.0,,,,,,,merolagani-history
2021-04-21,2632.21,-32.41,-1.22,5664460000.0,,,,,,,merolagani-history
2021-04-22,2648.01,15.8,0.6,5824230000.0,,,,,,,merolagani-history
2021-04-25,2572.22,-75.79,-2.86,7176520000.0,,,,,,,merolagani-history
2021-04-26,2506.62,-65.6,-2.55,6427270000.0,,,,,,,merolagani-history
2021-04-27,2599.08,92.46,3.69,5038980000.0,,,,,,,merolagani-history
2021-04-28,2585.28,-13.8,-0.53,3937270000.0,,,,,,,merolagani-history
2021-04-29,2611.11,25.83,1.0,4238400000.0,,,,,,,merolagani-history
2021-05-02,2665.11,54.0,2.07,7284930000.0,,,,,,,merolagani-history
2021-05-03,2652.76,-12.35,-0.46,7422710000.0,,,,,,,merolagani-history
2021-05-04,2654.69,1.93,0.07,5942780000.0,,,,,,,merolagani-history
2021-05-05,2649.6,-5.09,-0.19,5871850000.0,,,,,,,merolagani-history
2021-05-06,2637.13,-12.47,-0.47,6632180000.0,,,,,,,merolagani-history
2021-05-09,2618.57,-18.56,-0.7,6041810000.0,,,,,,,merolagani-history
2021-05-10,2645.85,27.28,1.04,4059650000.0,,,,,,,merolagani-history
2021-05-11,2673.32,27.47,1.04,5632930000.0,,,,,,,merolagani-history
2021-05-12,2673.88,0.56,0.02,5177340000.0,,,,,,,merolagani-history
2021-05-13,2684.01,10.13,0.38,6696390000.0,,,,,,,merolagani-history
2021-05-16,2738.3,54.29,2.02,10275500000.0,,,,,,,merolagani-history
2021-05-17,2759.22,20.92,0.76,9457700000.0,,,,,,,merolagani-history
2021-05-18,2793.9,34.68,1.26,11158100000.0,,,,,,,merolagani-history
2021-05-19,2780.81,-13.09,-0.47,11792900000.0,,,,,,,merolagani-history
2021-05-20,2787.19,6.38,0.23,8894530000.0,,,,,,,merolagani-history
2021-05-23,2820.0,32.81,1.18,11260200000.0,,,,,,,merolagani-history
2021-05-24,2823.07,3.07,0.11,12927600000.0,,,,,,,merolagani-history
2021-05-25,2816.57,-6.5,-0.23,10847000000.0,,,,,,,merolagani-history
2021-05-27,2815.4,-1.17,-0.04,14424300000.0,,,,,,,merolagani-history
2021-05-30,2827.93,12.53,0.45,16627300000.0,,,,,,,merolagani-history
2021-05-31,2782.68,-45.25,-1.6,13034100000.0,,,,,,,merolagani-history
2021-06-01,2771.15,-11.53,-0.41,8483640000.0,,,,,,,merolagani-history
2021-06-02,2827.13,55.98,2.02,11106800000.0,,,,,,,merolagani-history
2021-06-03,2856.68,29.55,1.05,16448600000.0,,,,,,,merolagani-history
2021-06-06,2906.89,50.21,1.76,17271787520.0,,,,,,,merolagani-history
2021-06-07,2906.7,-0.19,-0.01,15357400000.0,,,,,,,merolagani-history
2021-06-08,2960.14,53.44,1.84,16298300000.0,,,,,,,merolagani-history
2021-06-09,2946.58,-13.56,-0.46,16843100000.0,,,,,,,merolagani-history
2021-06-10,2944.78,-1.8,-0.06,16023700000.0,,,,,,,merolagani-history
2021-06-13,2983.11,38.33,1.3,19423500000.0,,,,,,,merolagani-history
2021-06-14,3025.83,42.72,1.43,18753665024.0,,,,,,,merolagani-history
2021-06-15,3022.11,-3.72,-0.12,16403800000.0,,,,,,,merolagani-history
2021-06-16,2969.7,-52.41,-1.73,15409700000.0,,,,,,,merolagani-history
2021-06-17,2968.43,-1.27,-0.04,10744000000.0,,,,,,,merolagani-history
2021-06-20,2905.15,-63.28,-2.13,11597400000.0,,,,,,,merolagani-history
2021-06-21,2834.41,-70.74,-2.43,11517000000.0,,,,,,,merolagani-history
2021-06-22,2913.85,79.44,2.8,10139700000.0,,,,,,,merolagani-history
2021-06-23,2862.19,-51.66,-1.77,8362671616.0,,,,,,,merolagani-history
2021-06-24,2843.0,-19.19,-0.67,6960570000.0,,,,,,,merolagani-history
2021-06-27,2870.38,27.38,0.96,7023380000.0,,,,,,,merolagani-history
2021-06-28,2875.5,5.12,0.18,7598210000.0,,,,,,,merolagani-history
2021-06-29,2828.01,-47.49,-1.65,6645810000.0,,,,,,,merolagani-history
2021-06-30,2823.88,-4.13,-0.15,5724480000.0,,,,,,,merolagani-history
2021-07-01,2843.0,19.12,0.68,6275900000.0,,,,,,,merolagani-history
2021-07-04,2834.52,-8.48,-0.3,4977510000.0,,,,,,,merolagani-history
2021-07-05,2822.74,-11.78,-0.42,4479470000.0,,,,,,,merolagani-history
2021-07-06,2818.11,-4.63,-0.16,4120150000.0,,,,,,,merolagani-history
2021-07-07,2801.13,-16.98,-0.6,4438920000.0,,,,,,,merolagani-history
2021-07-08,2824.9,23.77,0.85,4677970000.0,,,,,,,merolagani-history
2021-07-11,2899.82,74.92,2.65,7667290000.0,,,,,,,merolagani-history
2021-07-12,2854.77,-45.05,-1.55,9308090000.0,,,,,,,merolagani-history
2021-07-13,2871.04,16.27,0.57,5406610000.0,,,,,,,merolagani-history
2021-07-14,2872.05,1.01,0.04,5029830000.0,,,,,,,merolagani-history
2021-07-15,2883.38,11.33,0.39,7187900000.0,,,,,,,merolagani-history
2021-07-18,2980.61,97.23,3.37,11453800000.0,,,,,,,merolagani-history
2021-07-19,2994.58,13.97,0.47,11116300000.0,,,,,,,merolagani-history
2021-07-20,2985.57,-9.01,-0.3,7532120000.0,,,,,,,merolagani-history
2021-07-22,3004.32,18.75,0.63,10413600000.0,,,,,,,merolagani-history
2021-07-25,3058.64,54.32,1.81,13818800000.0,,,,,,,merolagani-history
2021-07-26,3050.43,-8.21,-0.27,13831400000.0,,,,,,,merolagani-history
2021-07-27,3079.67,29.24,0.96,14806300000.0,,,,,,,merolagani-history
2021-07-28,3094.95,15.28,0.5,13090700000.0,,,,,,,merolagani-history
2021-07-29,3079.83,-15.12,-0.49,10718900000.0,,,,,,,merolagani-history
2021-08-01,3081.06,1.23,0.04,11788800000.0,,,,,,,merolagani-history
2021-08-02,3085.07,4.01,0.13,10858500000.0,,,,,,,merolagani-history
2021-08-03,3111.09,26.02,0.84,11529218048.0,,,,,,,merolagani-history
2021-08-04,3123.15,12.06,0.39,15451400000.0,,,,,,,merolagani-history
2021-08-05,3107.45,-15.7,-0.5,14135400000.0,,,,,,,merolagani-history
2021-08-08,3108.13,0.68,0.02,14180900000.0,,,,,,,merolagani-history
2021-08-09,3109.67,1.54,0.05,14006900000.0,,,,,,,merolagani-history
2021-08-10,3161.45,51.78,1.67,17706900000.0,,,,,,,merolagani-history
2021-08-11,3162.6,1.15,0.04,15368100000.0,,,,,,,merolagani-history
2021-08-12,3179.0,16.4,0.52,17318000000.0,,,,,,,merolagani-history
2021-08-15,3154.03,-24.97,-0.79,21534200000.0,,,,,,,merolagani-history
2021-08-16,3160.06,6.03,0.19,15748200000.0,,,,,,,merolagani-history
2021-08-17,3160.32,0.26,0.01,18085700000.0,,,,,,,merolagani-history
2021-08-18,3198.6,38.28,1.21,21168100000.0,,,,,,,merolagani-history
2021-08-19,3180.79,-17.81,-0.56,20406900000.0,,,,,,,merolagani-history
2021-08-24,3124.87,-55.92,-1.76,16056700000.0,,,,,,,merolagani-history
2021-08-25,3076.45,-48.42,-1.55,12024000000.0,,,,,,,merolagani-history
2021-08-26,3094.05,17.6,0.57,13310600000.0,,,,,,,merolagani-history
2021-08-29,3044.87,-49.18,-1.59,15577300000.0,,,,,,,merolagani-history
2021-08-31,2975.84,-69.03,-2.27,13161900000.0,,,,,,,merolagani-history
2021-09-01,2976.98,1.14,0.04,9227410000.0,,,,,,,merolagani-history
2021-09-02,2926.89,-50.09,-1.68,9361710000.0,,,,,,,merolagani-history
2021-09-05,2818.73,-108.16,-3.7,11142700000.0,,,,,,,merolagani-history
2021-09-06,2980.79,162.06,5.75,9748289536.0,,,,,,,merolagani-history
2021-09-07,2936.61,-44.18,-1.48,7429180000.0,,,,,,,merolagani-history
2021-09-08,2876.59,-60.02,-2.04,6531250000.0,,,,,,,merolagani-history
2021-09-09,2875.98,-0.61,-0.02,6784410000.0,,,,,,,merolagani-history
2021-09-12,2947.42,71.44,2.48,9338880000.0,,,,,,,merolagani-history
2021-09-13,2947.7,0.28,0.01,9207980000.0,,,,,,,merolagani-history
2021-09-14,2929.29,-18.41,-0.62,5134810000.0,,,,,,,merolagani-history
2021-09-15,2889.03,-40.26,-1.37,5275900000.0,,,,,,,merolagani-history
2021-09-16,2812.39,-76.64,-2.65,9033901056.0,,,,,,,merolagani-history
2021-09-20,2698.25,-114.14,-4.06,8320740000.0,,,,,,,merolagani-history
2021-09-21,2712.07,13.82,0.51,7285830000.0,,,,,,,merolagani-history
2021-09-22,2816.95,104.88,3.87,6133240000.0,,,,,,,merolagani-history
2021-09-23,2819.66,2.71,0.1,7622520000.0,,,,,,,merolagani-history
2021-09-26,2758.48,-61.18,-2.17,6089500000.0,,,,,,,merolagani-history
2021-09-27,2685.42,-73.06,-2.65,5072950000.0,,,,,,,merolagani-history
2021-09-28,2615.4,-70.02,-2.61,5698910000.0,,,,,,,merolagani-history
2021-09-29,2665.94,50.54,1.93,4962220000.0,,,,,,,merolagani-history
2021-09-30,2633.42,-32.52,-1.22,3572780000.0,,,,,,,merolagani-history
2021-10-03,2577.5,-55.92,-2.12,3852610000.0,,,,,,,merolagani-history
2021-10-04,2570.81,-6.69,-0.26,3510780000.0,,,,,,,merolagani-history
2021-10-05,2612.65,41.84,1.63,2797470000.0,,,,,,,merolagani-history
2021-10-06,2681.11,68.46,2.62,4423410000.0,,,,,,,merolagani-history
2021-10-10,2662.58,-18.53,-0.69,4450800000.0,,,,,,,merolagani-history
2021-10-11,2639.38,-23.2,-0.87,3477860000.0,,,,,,,merolagani-history
2021-10-17,2656.97,17.59,0.67,1407050000.0,,,,,,,merolagani-history
2021-10-18,2587.45,-69.52,-2.62,2900880000.0,,,,,,,merolagani-history
2021-10-19,2510.73,-76.72,-2.97,3606490000.0,,,,,,,merolagani-history
2021-10-20,2571.66,60.93,2.43,2653270000.0,,,,,,,merolagani-history
2021-10-21,2556.96,-14.7,-0.57,2608610000.0,,,,,,,merolagani-history
2021-10-24,2584.53,27.57,1.08,2740670000.0,,,,,,,merolagani-history
2021-10-25,2672.25,87.72,3.39,4250720000.0,,,,,,,merolagani-history
2021-10-26,2751.07,78.82,2.95,6240850000.0,,,,,,,merolagani-history
2021-10-27,2769.13,18.06,0.66,6516740000.0,,,,,,,merolagani-history
2021-10-28,2782.17,13.04,0.47,5364960000.0,,,,,,,merolagani-history
2021-10-31,2837.62,55.45,1.99,7765960000.0,,,,,,,merolagani-history
2021-11-01,2819.87,-17.75,-0.63,7690020000.0,,,,,,,merolagani-history
2021-11-02,2843.62,23.75,0.84,5985940000.0,,,,,,,merolagani-history
2021-11-03,2848.84,5.22,0.18,6510540000.0,,,,,,,merolagani-history
2021-11-08,2829.65,-19.19,-0.67,4398550000.0,,,,,,,merolagani-history
2021-11-09,2749.86,-79.79,-2.82,6507040000.0,,,,,,,merolagani-history
2021-11-11,2690.29,-59.57,-2.17,5092410000.0,,,,,,,merolagani-history
2021-11-14,2688.92,-1.37,-0.05,4067810000.0,,,,,,,merolagani-history
2021-11-15,2715.35,26.43,0.98,4680980000.0,,,,,,,merolagani-history
2021-11-16,2784.58,69.23,2.55,5484340000.0,,,,,,,merolagani-history
2021-11-17,2801.52,16.94,0.61,7379446784.0,,,,,,,merolagani-history
2021-11-18,2769.13,-32.39,-1.16,6217980000.0,,,,,,,merolagani-history
2021-11-21,2757.53,-11.6,-0.42,4244250000.0,,,,,,,merolagani-history
2021-11-22,2765.44,7.91,0.29,3885240000.0,,,,,,,merolagani-history
2021-11-23,2733.14,-32.3,-1.17,4103560000.0,,,,,,,merolagani-history
2021-11-24,2735.01,1.87,0.07,4189410000.0,,,,,,,merolagani-history
2021-11-25,2731.78,-3.23,-0.12,3688880000.0,,,,,,,merolagani-history
2021-11-28,2651.49,-80.29,-2.94,5686090000.0,,,,,,,merolagani-history
2021-11-29,2630.01,-21.48,-0.81,3925090000.0,,,,,,,merolagani-history
2021-11-30,2628.37,-1.64,-0.06,3038430000.0,,,,,,,merolagani-history
2021-12-01,2633.66,5.29,0.2,2723300000.0,,,,,,,merolagani-history
2021-12-02,2584.61,-49.05,-1.86,3364950000.0,,,,,,,merolagani-history
2021-12-05,2513.87,-70.74,-2.74,4046370000.0,,,,,,,merolagani-history
2021-12-06,2546.09,32.22,1.28,4494200000.0,,,,,,,merolagani-history
2021-12-07,2508.91,-37.18,-1.46,3052430000.0,,,,,,,merolagani-history
2021-12-08,2455.82,-53.09,-2.12,2638080000.0,,,,,,,merolagani-history
2021-12-09,2449.97,-5.85,-0.24,2601170000.0,,,,,,,merolagani-history
2021-12-12,2361.27,-88.7,-3.62,3096860000.0,,,,,,,merolagani-history
2021-12-13,2281.67,-79.6,-3.37,3910190000.0,,,,,,,merolagani-history
2021-12-14,2418.85,137.18,6.01,1782700000.0,,,,,,,merolagani-history
2021-12-15,2414.62,-4.23,-0.17,4471210000.0,,,,,,,merolagani-history
2021-12-16,2376.75,-37.87,-1.57,2236360000.0,,,,,,,merolagani-history
2021-12-20,2358.82,-17.93,-0.75,2414890000.0,,,,,,,merolagani-history
2021-12-21,2415.55,56.73,2.41,2360743576.0,,,,,,,merolagani-history
2021-12-22,2507.7,92.15,3.81,4490302127.1,,,,,,,merolagani-history
2021-12-23,2520.23,12.53,0.5,4449561993.15,,,,,,,merolagani-history
2021-12-26,2591.42,71.19,2.82,5112122161.3,,,,,,,merolagani-history
2021-12-27,2521.65,-69.77,-2.69,5526688994.45,,,,,,,merolagani-history
2021-12-28,2518.99,-2.66,-0.11,3104067054.9,,,,,,,merolagani-history
2021-12-29,2524.5,5.51,0.22,3569257349.9,,,,,,,merolagani-history
2022-01-02,2584.91,60.41,2.39,4027800696.6,,,,,,,merolagani-history
2022-01-03,2616.94,32.03,1.24,4467686171.3,,,,,,,merolagani-history
2022-01-04,2679.95,63.01,2.41,4236921300.9,,,,,,,merolagani-history
2022-01-05,2649.2,-30.75,-1.15,4522576641.3,,,,,,,merolagani-history
2022-01-06,2692.47,43.27,1.63,3602155292.1,,,,,,,merolagani-history
2022-01-09,2765.47,73.0,2.71,7013992687.7,,,,,,,merolagani-history
2022-01-10,2784.95,19.48,0.7,7043815271.2,,,,,,,merolagani-history
2022-01-11,2834.13,49.18,1.77,6663622306.5,,,,,,,merolagani-history
2022-01-12,2803.62,-30.51,-1.08,7948044119.3,,,,,,,merolagani-history
2022-01-13,2857.75,54.13,1.93,6644757682.8,,,,,,,merolagani-history
2022-01-16,2926.74,68.99,2.41,9609698304.0,,,,,,,merolagani-history
2022-01-17,2947.38,20.64,0.71,7869232520.9,,,,,,,merolagani-history
2022-01-18,2936.66,-10.72,-0.36,8359970527.9,,,,,,,merolagani-history
2022-01-19,2898.31,-38.35,-1.31,5878960626.2,,,,,,,merolagani-history
2022-01-20,2931.26,32.95,1.14,5658809299.6,,,,,,,merolagani-history
2022-01-23,2920.51,-10.75,-0.37,6881677739.1,,,,,,,merolagani-history
2022-01-24,2820.41,-100.1,-3.43,8845404050.8,,,,,,,merolagani-history
2022-01-25,2815.06,-5.35,-0.19,5368568954.3,,,,,,,merolagani-history
2022-01-26,2776.65,-38.41,-1.36,4280366965.9,,,,,,,merolagani-history
2022-01-27,2779.98,3.33,0.12,3321842432.0,,,,,,,merolagani-history
2022-01-30,2885.53,105.55,3.8,6125388624.0,,,,,,,merolagani-history
2022-01-31,2872.05,-13.48,-0.47,5105893700.4,,,,,,,merolagani-history
2022-02-01,2891.33,19.28,0.67,6557387866.0,,,,,,,merolagani-history
2022-02-03,2876.74,-14.59,-0.5,8570209145.5,,,,,,,merolagani-history
2022-02-06,2836.17,-40.57,-1.41,5802960080.8,,,,,,,merolagani-history
2022-02-07,2851.88,15.71,0.55,4974439955.5,,,,,,,merolagani-history
2022-02-08,2835.58,-16.3,-0.57,6256696572.8,,,,,,,merolagani-history
2022-02-09,2813.47,-22.11,-0.78,3453440164.7,,,,,,,merolagani-history
2022-02-10,2801.56,-11.91,-0.42,3783584520.43,,,,,,,merolagani-history
2022-02-13,2700.89,-100.67,-3.59,5948523866.75,,,,,,,merolagani-history
2022-02-14,2700.98,0.09,0.0,3650768649.5,,,,,,,merolagani-history
2022-02-15,2754.28,53.3,1.97,3150915810.1,,,,,,,merolagani-history
2022-02-16,2734.44,-19.84,-0.72,3010173550.0,,,,,,,merolagani-history
2022-02-17,2732.51,-1.93,-0.07,2264386964.9,,,,,,,merolagani-history
2022-02-20,2693.1,-39.41,-1.44,4058763352.7,,,,,,,merolagani-history
2022-02-21,2718.51,25.41,0.94,2992115103.9,,,,,,,merolagani-history
2022-02-22,2735.93,17.42,0.64,3200216678.0,,,,,,,merolagani-history
2022-02-23,2720.43,-15.5,-0.57,3118186356.1,,,,,,,merolagani-history
2022-02-24,2661.44,-58.99,-2.17,4275644723.0,,,,,,,merolagani-history
2022-02-27,2653.7,-7.74,-0.29,3244559563.0,,,,,,,merolagani-history
2022-02-28,2610.58,-43.12,-1.62,3641435524.6,,,,,,,merolagani-history
2022-03-02,2547.04,-63.54,-2.43,3575608724.2,,,,,,,merolagani-history
2022-03-06,2543.39,-3.65,-0.14,2473809037.7,,,,,,,merolagani-history
2022-03-07,2544.93,1.54,0.06,2573184624.9,,,,,,,merolagani-history
2022-03-09,2514.58,-30.35,-1.19,2343261623.4,,,,,,,merolagani-history
2022-03-10,2566.9,52.32,2.08,2780216427.2,,,,,,,merolagani-history
2022-03-13,2667.97,101.07,3.94,4851266346.3,,,,,,,merolagani-history
2022-03-14,2668.11,0.14,0.01,1339004050.6,,,,,,,merolagani-history
2022-03-15,2650.97,-17.14,-0.64,3338956952.2,,,,,,,merolagani-history
2022-03-16,2631.32,-19.65,-0.74,2541110543.6,,,,,,,merolagani-history
2022-03-20,2616.58,-14.74,-0.56,2220488158.2,,,,,,,merolagani-history
2022-03-21,2634.57,17.99,0.69,2531573040.6,,,,,,,merolagani-history
2022-03-22,2650.7,16.13,0.61,2332834489.4,,,,,,,merolagani-history
2022-03-23,2630.36,-20.34,-0.77,2037726169.2,,,,,,,merolagani-history
2022-03-24,2613.67,-16.69,-0.63,3147548152.9,,,,,,,merolagani-history
2022-03-27,2572.23,-41.44,-1.59,4784615118.3,,,,,,,merolagani-history
2022-03-28,2541.83,-30.4,-1.18,2520805592.96,,,,,,,merolagani-history
2022-03-29,2527.58,-14.25,-0.56,1738134683.5,,,,,,,merolagani-history
2022-03-30,2568.25,40.67,1.61,2120763843.26,,,,,,,merolagani-history
2022-03-31,2544.3,-23.95,-0.93,1877813668.5,,,,,,,merolagani-history
2022-04-03,2513.41,-30.89,-1.21,1444084517.0,,,,,,,merolagani-history
2022-04-04,2497.47,-15.94,-0.63,1572807570.2,,,,,,,merolagani-history
2022-04-05,2452.06,-45.41,-1.82,2634142290.56,,,,,,,merolagani-history
2022-04-06,2428.75,-23.31,-0.95,1979122495.09,,,,,,,merolagani-history
2022-04-07,2464.31,35.56,1.46,2083390925.8,,,,,,,merolagani-history
2022-04-11,2419.71,-44.6,-1.81,2243746636.3,,,,,,,merolagani-history
2022-04-12,2385.02,-34.69,-1.43,1513166154.9,,,,,,,merolagani-history
2022-04-13,2415.24,30.22,1.27,1454097117.5,,,,,,,merolagani-history
2022-04-17,2385.64,-29.6,-1.23,1370277094.2,,,,,,,merolagani-history
2022-04-18,2343.87,-41.77,-1.75,1509120687.52,,,,,,,merolagani-history
2022-04-19,2357.24,13.37,0.57,1282772913.4,,,,,,,merolagani-history
2022-04-20,2320.51,-36.73,-1.56,1417062425.0,,,,,,,merolagani-history
2022-04-21,2325.45,4.94,0.21,1592267862.1,,,,,,,merolagani-history
2022-04-24,2420.91,95.46,4.11,2195885680.8,,,,,,,merolagani-history
2022-04-25,2386.01,-34.9,-1.44,2003053904.0,,,,,,,merolagani-history
2022-04-26,2370.99,-15.02,-0.63,1031057934.7,,,,,,,merolagani-history
2022-04-27,2376.17,5.18,0.22,1079962957.9,,,,,,,merolagani-history
2022-04-28,2356.2,-19.97,-0.84,1462957918.2,,,,,,,merolagani-history
2022-05-02,2307.44,-48.76,-2.07,1410305321.99,,,,,,,merolagani-history
2022-05-04,2275.68,-31.76,-1.38,1211930567.4,,,,,,,merolagani-history
2022-05-05,2238.62,-37.06,-1.63,1602345056.0,,,,,,,merolagani-history
2022-05-08,2256.57,17.95,0.8,1260287786.7,,,,,,,merolagani-history
2022-05-09,2268.84,12.27,0.54,1386367809.5,,,,,,,merolagani-history
2022-05-10,2313.0,44.16,1.95,1336306963.1,,,,,,,merolagani-history
2022-05-11,2369.06,56.06,2.42,2135786611.1,,,,,,,merolagani-history
2022-05-12,2350.42,-18.64,-0.79,2269751480.0,,,,,,,merolagani-history
2022-05-17,2265.52,-84.9,-3.61,1638495039.0,,,,,,,merolagani-history
2022-05-18,2274.42,8.9,0.39,1316984683.1,,,,,,,merolagani-history
2022-05-19,2250.91,-23.51,-1.03,1116457065.3,,,,,,,merolagani-history
2022-05-20,2235.09,-15.82,-0.7,887669044.4,,,,,,,merolagani-history
2022-05-23,2200.88,-34.21,-1.53,1344171312.3,,,,,,,merolagani-history
2022-05-24,2217.19,16.31,0.74,1025852947.1,,,,,,,merolagani-history
2022-05-25,2231.57,14.38,0.65,1035323887.7,,,,,,,merolagani-history
2022-05-26,2239.6,8.03,0.36,884195501.6,,,,,,,merolagani-history
2022-05-27,2223.78,-15.82,-0.71,1111254233.0,,,,,,,merolagani-history
2022-05-30,2173.44,-50.34,-2.26,1307503232.0,,,,,,,merolagani-history
2022-05-31,2137.92,-35.52,-1.63,1301144440.9,,,,,,,merolagani-history
2022-06-01,2130.71,-7.21,-0.34,1062684239.2,,,,,,,merolagani-history
2022-06-02,2112.47,-18.24,-0.86,1112231643.8,,,,,,,merolagani-history
2022-06-03,2078.7,-33.77,-1.6,1287286053.7,,,,,,,merolagani-history
2022-06-06,2065.78,-12.92,-0.62,1252688467.42,,,,,,,merolagani-history
2022-06-07,2020.23,-45.55,-2.2,1265069520.9,,,,,,,merolagani-history
2022-06-08,2080.44,60.21,2.98,1560887565.1,,,,,,,merolagani-history
2022-06-09,2062.86,-17.58,-0.85,1453363271.23,,,,,,,merolagani-history
2022-06-10,2048.16,-14.7,-0.71,870804423.3,,,,,,,merolagani-history
2022-06-13,2032.34,-15.82,-0.77,991352155.2,,,,,,,merolagani-history
2022-06-14,1996.26,-36.08,-1.78,1157843649.4,,,,,,,merolagani-history
2022-06-15,1966.37,-29.89,-1.5,1466756845.7,,,,,,,merolagani-history
2022-06-16,1978.94,12.57,0.64,1151758357.32,,,,,,,merolagani-history
2022-06-17,1971.38,-7.56,-0.38,719058774.8,,,,,,,merolagani-history
2022-06-19,1934.11,-37.27,-1.89,1123672066.6,,,,,,,merolagani-history
2022-06-20,1884.81,-49.3,-2.55,1615766202.0,,,,,,,merolagani-history
2022-06-21,1922.3,37.49,1.99,1203020697.0,,,,,,,merolagani-history
2022-06-22,1893.53,-28.77,-1.5,806521779.2,,,,,,,merolagani-history
2022-06-23,1848.28,-45.25,-2.39,1455619883.96,,,,,,,merolagani-history
2022-06-24,1862.06,13.78,0.75,1129422348.3,,,,,,,merolagani-history
2022-06-26,1956.98,94.92,5.1,2181093879.1,,,,,,,merolagani-history
2022-06-27,1933.13,-23.85,-1.22,2009101390.1,,,,,,,merolagani-history
2022-06-28,1921.31,-11.82,-0.61,1042199304.69,,,,,,,merolagani-history
2022-06-29,1962.71,41.4,2.15,1382817855.0,,,,,,,merolagani-history
2022-06-30,2037.64,74.93,3.82,2431237102.5,,,,,,,merolagani-history
2022-07-01,2028.77,-8.87,-0.44,1454729984.0,,,,,,,merolagani-history
2022-07-03,2086.38,57.61,2.84,2424895744.0,,,,,,,merolagani-history
2022-07-04,2076.67,-9.71,-0.47,4287146704.1,,,,,,,merolagani-history
2022-07-05,2030.59,-46.08,-2.22,2581653327.8,,,,,,,merolagani-history
2022-07-06,2043.92,13.33,0.66,2162336306.8,,,,,,,merolagani-history
2022-07-07,2027.32,-16.6,-0.81,1730171735.3,,,,,,,merolagani-history
2022-07-08,1992.62,-34.7,-1.71,1163028606.65,,,,,,,merolagani-history
2022-07-11,1915.61,-77.01,-3.86,2307844469.5,,,,,,,merolagani-history
2022-07-12,1927.28,11.67,0.61,1693766473.2,,,,,,,merolagani-history
2022-07-13,1986.82,59.54,3.09,2003752875.0,,,,,,,merolagani-history
2022-07-14,2001.53,14.71,0.74,2308747867.6,,,,,,,merolagani-history
2022-07-15,2009.46,7.93,0.4,1370454679.7,,,,,,,merolagani-history
2022-07-17,2011.39,1.93,0.1,1212050237.5,,,,,,,merolagani-history
2022-07-18,2029.43,18.04,0.9,1306995026.2,,,,,,,merolagani-history
2022-07-19,2045.69,16.26,0.8,2288515008.2,,,,,,,merolagani-history
2022-07-20,2050.59,4.9,0.24,1719338296.0,,,,,,,merolagani-history
2022-07-21,2044.72,-5.87,-0.29,1633075145.8,,,,,,,merolagani-history
2022-07-22,2017.46,-27.26,-1.33,1440218082.85,,,,,,,merolagani-history
2022-07-24,2078.51,61.05,3.03,2709069273.1,,,,,,,merolagani-history
2022-07-25,2132.96,54.45,2.62,4074679883.3,,,,,,,merolagani-history
2022-07-26,2088.16,-44.8,-2.1,3670647296.0,,,,,,,merolagani-history
2022-07-27,2111.99,23.83,1.14,3152334943.2,,,,,,,merolagani-history
2022-07-28,2127.47,15.48,0.73,4927072094.3,,,,,,,merolagani-history
2022-07-29,2140.52,13.05,0.61,2180339895.7,,,,,,,merolagani-history
2022-07-31,2195.1,54.58,2.55,4510368145.7,,,,,,,merolagani-history
2022-08-01,2196.25,1.15,0.05,4653145473.5,,,,,,,merolagani-history
2022-08-02,2193.48,-2.77,-0.13,3274004974.6,,,,,,,merolagani-history
2022-08-03,2186.76,-6.72,-0.31,4023035600.3,,,,,,,merolagani-history
2022-08-04,2148.16,-38.6,-1.77,3742498517.7,,,,,,,merolagani-history
2022-08-05,2113.55,-34.61,-1.61,2596076940.2,,,,,,,merolagani-history
2022-08-07,2123.82,10.27,0.49,2552577514.8,,,,,,,merolagani-history
2022-08-08,2106.15,-17.67,-0.83,2785780589.0,,,,,,,merolagani-history
2022-08-09,2060.73,-45.42,-2.16,2746338687.9,,,,,,,merolagani-history
2022-08-10,2057.68,-3.05,-0.15,1907417055.6,,,,,,,merolagani-history
2022-08-11,2037.92,-19.76,-0.96,1729854376.08,,,,,,,merolagani-history
2022-08-14,2010.01,-27.91,-1.37,1772359439.6,,,,,,,merolagani-history
2022-08-15,2065.89,55.88,2.78,2420163272.0,,,,,,,merolagani-history
2022-08-16,2041.06,-24.83,-1.2,2701947611.1,,,,,,,merolagani-history
2022-08-17,2040.7,-0.36,-0.02,1399573034.3,,,,,,,merolagani-history
2022-08-18,2068.26,27.56,1.35,2053555109.5,,,,,,,merolagani-history
2022-08-21,2060.55,-7.71,-0.37,2028811094.1,,,,,,,merolagani-history
2022-08-22,2053.16,-7.39,-0.36,1713900509.4,,,,,,,merolagani-history
2022-08-23,2054.95,1.79,0.09,1283340296.69,,,,,,,merolagani-history
2022-08-24,2057.85,2.9,0.14,1510741473.0,,,,,,,merolagani-history
2022-08-25,2039.54,-18.31,-0.89,1692531190.6,,,,,,,merolagani-history
2022-08-26,2022.62,-16.92,-0.83,1262840627.54,,,,,,,merolagani-history
2022-08-28,1989.26,-33.36,-1.65,2036964375.9,,,,,,,merolagani-history
2022-08-29,1993.02,3.76,0.19,1260702186.8,,,,,,,merolagani-history
2022-08-30,1995.34,2.32,0.12,1000068800.0,,,,,,,merolagani-history
2022-08-31,1973.38,-21.96,-1.1,1081936353.6,,,,,,,merolagani-history
2022-09-01,1972.29,-1.09,-0.06,1183727488.0,,,,,,,merolagani-history
2022-09-02,1970.62,-1.67,-0.08,691349206.5,,,,,,,merolagani-history
2022-09-04,1977.3,6.68,0.34,1039140043.0,,,,,,,merolagani-history
2022-09-05,1973.01,-4.29,-0.22,890048896.0,,,,,,,merolagani-history
2022-09-06,1951.79,-21.22,-1.08,1176833483.0,,,,,,,merolagani-history
2022-09-07,1939.88,-11.91,-0.61,812362042.6,,,,,,,merolagani-history
2022-09-08,1937.74,-2.14,-0.11,1033883213.0,,,,,,,merolagani-history
2022-09-11,1926.28,-11.46,-0.59,733620752.6,,,,,,,merolagani-history
2022-09-12,1912.74,-13.54,-0.7,812201878.2,,,,,,,merolagani-history
2022-09-13,1934.04,21.3,1.11,901282554.5,,,,,,,merolagani-history
2022-09-14,1981.48,47.44,2.45,1435291776.0,,,,,,,merolagani-history
2022-09-15,1924.48,-57.0,-2.88,2086511872.0,,,,,,,merolagani-history
2022-09-16,1910.38,-14.1,-0.73,884152151.9,,,,,,,merolagani-history
2022-09-18,1876.41,-33.97,-1.78,1376223499.0,,,,,,,merolagani-history
2022-09-20,1837.6,-38.81,-2.07,1205545405.42,,,,,,,merolagani-history
2022-09-21,1848.8,11.2,0.61,709326556.2,,,,,,,merolagani-history
2022-09-22,1838.96,-9.84,-0.53,625278476.6,,,,,,,merolagani-history
2022-09-25,1815.13,-23.83,-1.3,1062989839.6,,,,,,,merolagani-history
2022-09-27,1831.05,15.92,0.88,640794651.4,,,,,,,merolagani-history
2022-09-28,1837.46,6.41,0.35,418667956.7,,,,,,,merolagani-history
2022-09-29,1853.76,16.3,0.89,572340753.1,,,,,,,merolagani-history
2022-10-09,1898.38,44.62,2.41,603481664.0,,,,,,,merolagani-history
2022-10-10,1871.22,-27.16,-1.43,728878912.5,,,,,,,merolagani-history
2022-10-11,1855.16,-16.06,-0.86,545469465.35,,,,,,,merolagani-history
2022-10-12,1866.48,11.32,0.61,664396671.7,,,,,,,merolagani-history
2022-10-13,1870.63,4.15,0.22,792617818.5,,,,,,,merolagani-history
2022-10-16,1860.94,-9.69,-0.52,779052238.2,,,,,,,merolagani-history
2022-10-17,1858.33,-2.61,-0.14,509578910.7,,,,,,,merolagani-history
2022-10-19,1845.51,-12.82,-0.69,635497425.4,,,,,,,merolagani-history
2022-10-20,1844.14,-1.37,-0.07,500128436.3,,,,,,,merolagani-history
2022-10-23,1858.49,14.35,0.78,489977134.8,,,,,,,merolagani-history
2022-10-31,1874.87,16.38,0.88,673638763.4,,,,,,,merolagani-history
2022-11-01,1930.97,56.1,2.99,1258723270.0,,,,,,,merolagani-history
2022-11-02,1938.3,7.33,0.38,1448886053.8,,,,,,,merolagani-history
2022-11-03,1922.16,-16.14,-0.83,854579312.9,,,,,,,merolagani-history
2022-11-06,1965.36,43.2,2.25,548325265.3,,,,,,,merolagani-history
2022-11-07,1958.94,-6.42,-0.33,2100769223.9,,,,,,,merolagani-history
2022-11-08,1956.36,-2.58,-0.13,1047148422.2,,,,,,,merolagani-history
2022-11-09,1917.22,-39.14,-2.0,1390249107.8,,,,,,,merolagani-history
2022-11-10,1893.7,-23.52,-1.23,1112658390.7,,,,,,,merolagani-history
2022-11-13,1883.16,-10.54,-0.56,770941609.7,,,,,,,merolagani-history
2022-11-14,1904.45,21.29,1.13,937183831.3,,,,,,,merolagani-history
2022-11-15,1897.86,-6.59,-0.35,972208386.0,,,,,,,merolagani-history
2022-11-16,1911.26,13.4,0.71,824207618.2,,,,,,,merolagani-history
2022-11-17,1936.83,25.57,1.34,1698166340.3,,,,,,,merolagani-history
2022-11-22,1929.7,-7.13,-0.37,1343163140.23,,,,,,,merolagani-history
2022-11-23,1921.99,-7.71,-0.4,1010255940.5,,,,,,,merolagani-history
2022-11-24,1933.55,11.56,0.6,912648351.4,,,,,,,merolagani-history
2022-11-27,1965.98,32.43,1.68,1996143017.6,,,,,,,merolagani-history
2022-11-28,1950.37,-15.61,-0.79,1460654252.5,,,,,,,merolagani-history
2022-11-29,1953.35,2.98,0.15,929534129.1,,,,,,,merolagani-history
2022-11-30,1949.85,-3.5,-0.18,776232447.1,,,,,,,merolagani-history
2022-12-01,1961.06,11.21,0.57,1210455040.0,,,,,,,merolagani-history
2022-12-04,1963.22,2.16,0.11,1533549113.0,,,,,,,merolagani-history
2022-12-05,1938.76,-24.46,-1.25,1663966918.3,,,,,,,merolagani-history
2022-12-06,1933.88,-4.88,-0.25,957044085.3,,,,,,,merolagani-history
2022-12-07,1917.28,-16.6,-0.86,958113388.9,,,,,,,merolagani-history
2022-12-11,1885.31,-31.97,-1.67,1092731360.3,,,,,,,merolagani-history
2022-12-12,1902.27,16.96,0.9,1188682181.4,,,,,,,merolagani-history
2022-12-13,1899.7,-2.57,-0.14,1188682240.0,,,,,,,merolagani-history
2022-12-14,1897.08,-2.62,-0.14,718511521.5,,,,,,,merolagani-history
2022-12-15,1882.6,-14.48,-0.76,935266884.7,,,,,,,merolagani-history
2022-12-18,1855.06,-27.54,-1.46,1144345902.4,,,,,,,merolagani-history
2022-12-19,1858.89,3.83,0.21,864690702.5,,,,,,,merolagani-history
2022-12-20,1873.11,14.22,0.76,895611676.2,,,,,,,merolagani-history
2022-12-21,1867.22,-5.89,-0.31,855923329.6,,,,,,,merolagani-history
2022-12-22,1867.21,-0.01,-0.0,1098405436.1,,,,,,,merolagani-history
2022-12-26,1924.09,56.88,3.05,2087894740.76,,,,,,,merolagani-history
2022-12-27,1983.95,59.86,3.11,3779610859.7,,,,,,,merolagani-history
2022-12-28,1972.15,-11.8,-0.59,2131269630.5,,,,,,,merolagani-history
2022-12-29,2029.03,56.88,2.88,2833071649.7,,,,,,,merolagani-history
2023-01-01,2046.26,17.23,0.85,4014001951.2,,,,,,,merolagani-history
2023-01-02,2064.09,17.83,0.87,2913168896.0,,,,,,,merolagani-history
2023-01-03,2061.06,-3.03,-0.15,3386375755.1,,,,,,,merolagani-history
2023-01-04,2125.84,64.78,3.14,3490769642.5,,,,,,,merolagani-history
2023-01-05,2143.93,18.09,0.85,4994624370.4,,,,,,,merolagani-history
2023-01-08,2164.61,20.68,0.96,5405895775.39,,,,,,,merolagani-history
2023-01-09,2211.76,47.15,2.18,5229698211.2,,,,,,,merolagani-history
2023-01-10,2190.42,-21.34,-0.96,7530138320.5,,,,,,,merolagani-history
2023-01-12,2149.39,-41.03,-1.87,5383915288.8,,,,,,,merolagani-history
2023-01-17,2182.11,32.72,1.52,3634541929.0,,,,,,,merolagani-history
2023-01-18,2173.1,-9.01,-0.41,4855894545.4,,,,,,,merolagani-history
2023-01-19,2178.81,5.71,0.26,3009206024.5,,,,,,,merolagani-history
2023-01-23,2165.1,-13.71,-0.63,3815865272.68,,,,,,,merolagani-history
2023-01-24,2173.25,8.15,0.38,2946503488.2,,,,,,,merolagani-history
2023-01-25,2183.62,10.37,0.48,3420322864.5,,,,,,,merolagani-history
2023-01-26,2183.21,-0.41,-0.02,2838849068.2,,,,,,,merolagani-history
2023-01-29,2168.53,-14.68,-0.67,2933248292.3,,,,,,,merolagani-history
2023-01-30,2127.37,-41.16,-1.9,3261784759.83,,,,,,,merolagani-history
2023-01-31,2111.68,-15.69,-0.74,2798318297.7,,,,,,,merolagani-history
2023-02-01,2116.65,4.97,0.24,1752165534.1,,,,,,,merolagani-history
2023-02-02,2094.54,-22.11,-1.04,2066890465.25,,,,,,,merolagani-history
2023-02-05,2096.08,1.54,0.07,1915987041.0,,,,,,,merolagani-history
2023-02-06,2100.7,4.62,0.22,1423216010.8,,,,,,,merolagani-history
2023-02-07,2177.34,76.64,3.65,3299653248.6,,,,,,,merolagani-history
2023-02-08,2170.18,-7.16,-0.33,3632161084.6,,,,,,,merolagani-history
2023-02-09,2182.63,12.45,0.57,2028579748.4,,,,,,,merolagani-history
2023-02-12,2121.86,-60.77,-2.78,3031373986.0,,,,,,,merolagani-history
2023-02-14,2105.46,-16.4,-0.77,1759903378.2,,,,,,,merolagani-history
2023-02-15,2091.56,-13.9,-0.66,1691125182.4,,,,,,,merolagani-history
2023-02-16,2070.41,-21.15,-1.01,1659593443.6,,,,,,,merolagani-history
2023-02-20,2046.81,-23.6,-1.14,1916250884.7,,,,,,,merolagani-history
2023-02-22,2080.38,33.57,1.64,1783947425.8,,,,,,,merolagani-history
2023-02-23,2022.64,-57.74,-2.78,2512993875.9,,,,,,,merolagani-history
2023-02-26,2027.19,4.55,0.22,2502391805.2,,,,,,,merolagani-history
2023-02-27,2023.54,-3.65,-0.18,1886888855.7,,,,,,,merolagani-history
2023-02-28,2019.93,-3.61,-0.18,1351968515.3,,,,,,,merolagani-history
2023-03-01,1995.49,-24.44,-1.21,1260846907.3,,,,,,,merolagani-history
2023-03-02,1969.02,-26.47,-1.33,1324641326.7,,,,,,,merolagani-history
2023-03-05,1938.25,-30.77,-1.56,1344144791.5,,,,,,,merolagani-history
2023-03-07,1952.66,14.41,0.74,1181744880.3,,,,,,,merolagani-history
2023-03-09,2002.7,50.04,2.56,1545566914.5,,,,,,,merolagani-history
2023-03-12,1975.89,-26.81,-1.34,1635709453.2,,,,,,,merolagani-history
2023-03-13,1951.21,-24.68,-1.25,1154069727.4,,,,,,,merolagani-history
2023-03-14,1953.06,1.85,0.09,1120864638.9,,,,,,,merolagani-history
2023-03-15,1938.62,-14.44,-0.74,1192056725.7,,,,,,,merolagani-history
2023-03-16,1933.3,-5.32,-0.27,1085567106.1,,,,,,,merolagani-history
2023-03-19,1926.4,-6.9,-0.36,1045510960.8,,,,,,,merolagani-history
2023-03-20,1949.06,22.66,1.18,1212734064.1,,,,,,,merolagani-history
2023-03-22,1933.29,-15.77,-0.81,1322562631.9,,,,,,,merolagani-history
2023-03-23,1915.14,-18.15,-0.94,1346135788.68,,,,,,,merolagani-history
2023-03-26,1888.29,-26.85,-1.4,1277008683.4,,,,,,,merolagani-history
2023-03-27,1906.0,17.71,0.94,1333150631.2,,,,,,,merolagani-history
2023-03-28,1918.41,12.41,0.65,1431057786.2,,,,,,,merolagani-history
2023-03-29,1919.42,1.01,0.05,797047753.3,,,,,,,merolagani-history
2023-03-30,1908.55,-10.87,-0.57,882060139.6,,,,,,,merolagani-history
2023-04-02,1888.55,-20.0,-1.05,1169131363.4,,,,,,,merolagani-history
2023-04-03,1871.88,-16.67,-0.88,912275174.0,,,,,,,merolagani-history
2023-04-04,1866.68,-5.2,-0.28,882230940.2,,,,,,,merolagani-history
2023-04-05,1875.07,8.39,0.45,796493663.8,,,,,,,merolagani-history
2023-04-06,1866.79,-8.28,-0.44,913773716.8,,,,,,,merolagani-history
2023-04-09,1838.48,-28.31,-1.52,1114473504.8,,,,,,,merolagani-history
2023-04-10,1844.02,5.54,0.3,898059279.7,,,,,,,merolagani-history
2023-04-11,1871.33,27.31,1.48,917095115.2,,,,,,,merolagani-history
2023-04-12,1963.55,92.22,4.93,1956662575.1,,,,,,,merolagani-history
2023-04-13,1934.47,-29.08,-1.48,1635742707.2,,,,,,,merolagani-history
2023-04-16,1931.68,-2.79,-0.14,963960397.9,,,,,,,merolagani-history
2023-04-17,1908.05,-23.63,-1.22,896862423.0,,,,,,,merolagani-history
2023-04-18,1904.98,-3.07,-0.16,798952466.7,,,,,,,merolagani-history
2023-04-19,1920.12,15.14,0.79,776278173.1,,,,,,,merolagani-history
2023-04-20,1904.4,-15.72,-0.82,935889911.8,,,,,,,merolagani-history
2023-04-23,1885.6,-18.8,-0.99,814323178.4,,,,,,,merolagani-history
2023-04-24,1888.32,2.72,0.14,734297861.8,,,,,,,merolagani-history
2023-04-25,1905.68,17.36,0.92,834697691.5,,,,,,,merolagani-history
2023-04-26,1892.0,-13.68,-0.72,836470685.2,,,,,,,merolagani-history
2023-04-27,1889.75,-2.25,-0.12,731868418.3,,,,,,,merolagani-history
2023-04-30,1870.66,-19.09,-1.01,944074747.1,,,,,,,merolagani-history
2023-05-02,1866.4,-4.26,-0.23,672981649.32,,,,,,,merolagani-history
2023-05-03,1857.23,-9.17,-0.49,610686098.4,,,,,,,merolagani-history
2023-05-04,1869.73,12.5,0.67,669188013.6,,,,,,,merolagani-history
2023-05-07,1850.61,-19.12,-1.02,600401774.2,,,,,,,merolagani-history
2023-05-08,1833.69,-16.92,-0.91,816913655.7,,,,,,,merolagani-history
2023-05-09,1844.36,10.67,0.58,713830741.2,,,,,,,merolagani-history
2023-05-10,1841.93,-2.43,-0.13,576368186.1,,,,,,,merolagani-history
2023-05-11,1838.59,-3.34,-0.18,531807109.4,,,,,,,merolagani-history
2023-05-14,1821.64,-16.95,-0.92,750138763.62,,,,,,,merolagani-history
2023-05-15,1818.31,-3.33,-0.18,704663865.6,,,,,,,merolagani-history
2023-05-16,1821.62,3.31,0.18,634944832.0,,,,,,,merolagani-history
2023-05-17,1845.01,23.39,1.28,847863892.7,,,,,,,merolagani-history
2023-05-18,1877.32,32.31,1.75,1461417187.7,,,,,,,merolagani-history
2023-05-21,1883.2,5.88,0.31,1547272151.5,,,,,,,merolagani-history
2023-05-22,1891.31,8.11,0.43,1249484354.8,,,,,,,merolagani-history
2023-05-23,1942.63,51.32,2.71,2116558081.8,,,,,,,merolagani-history
2023-05-24,1959.12,16.49,0.85,1848154700.7,,,,,,,merolagani-history
2023-05-28,1941.77,-17.35,-0.89,2596205576.5,,,,,,,merolagani-history
2023-05-30,1888.61,-53.16,-2.74,2206681856.0,,,,,,,merolagani-history
2023-05-31,1849.79,-38.82,-2.06,1945738832.6,,,,,,,merolagani-history
2023-06-01,1866.34,16.55,0.89,1401556316.9,,,,,,,merolagani-history
2023-06-04,1919.37,53.03,2.84,1636265050.7,,,,,,,merolagani-history
2023-06-05,1901.99,-17.38,-0.91,1925040475.3,,,,,,,merolagani-history
2023-06-06,1927.65,25.66,1.35,1959803965.5,,,,,,,merolagani-history
2023-06-07,1932.33,4.68,0.24,2346898015.0,,,,,,,merolagani-history
2023-06-08,1939.61,7.28,0.38,2284095114.1,,,,,,,merolagani-history
2023-06-11,1980.09,40.48,2.09,3331856745.1,,,,,,,merolagani-history
2023-06-12,1987.87,7.78,0.39,2862539949.7,,,,,,,merolagani-history
2023-06-13,2020.64,32.77,1.65,4083120367.7,,,,,,,merolagani-history
2023-06-14,2037.06,16.42,0.81,4964206270.5,,,,,,,merolagani-history
2023-06-15,2042.07,5.01,0.25,3112606411.0,,,,,,,merolagani-history
2023-06-18,2094.33,52.26,2.56,4683996057.2,,,,,,,merolagani-history
2023-06-19,2091.39,-2.94,-0.14,4560727399.6,,,,,,,merolagani-history
2023-06-20,2064.83,-26.56,-1.27,4025813073.46,,,,,,,merolagani-history
2023-06-21,2050.78,-14.05,-0.68,3435044970.2,,,,,,,merolagani-history
2023-06-22,2055.53,4.75,0.23,3413047271.9,,,,,,,merolagani-history
2023-06-25,2117.73,62.2,3.03,6431443893.78,,,,,,,merolagani-history
2023-06-26,2129.42,11.69,0.55,5263616054.3,,,,,,,merolagani-history
2023-06-27,2186.36,56.94,2.67,5415364349.3,,,,,,,merolagani-history
2023-06-28,2150.99,-35.37,-1.62,5917961273.6,,,,,,,merolagani-history
2023-07-02,2097.29,-53.7,-2.5,5042827055.65,,,,,,,merolagani-history
2023-07-03,2075.97,-21.32,-1.02,4021268317.45,,,,,,,merolagani-history
2023-07-04,2088.7,12.73,0.61,2555564748.7,,,,,,,merolagani-history
2023-07-05,2049.44,-39.26,-1.88,3047520187.6,,,,,,,merolagani-history
2023-07-06,2049.38,-0.06,-0.0,2848536013.9,,,,,,,merolagani-history
2023-07-09,2077.76,28.38,1.38,2998215274.2,,,,,,,merolagani-history
2023-07-10,2076.96,-0.8,-0.04,3498723976.6,,,,,,,merolagani-history
2023-07-11,2072.24,-4.72,-0.23,2810368838.7,,,,,,,merolagani-history
2023-07-12,2097.55,25.31,1.22,3117242096.9,,,,,,,merolagani-history
2023-07-13,2084.93,-12.62,-0.6,3252097792.0,,,,,,,merolagani-history
2023-07-16,2097.09,12.16,0.58,2170878602.7,,,,,,,merolagani-history
2023-07-17,2144.16,47.07,2.24,2538375074.7,,,,,,,merolagani-history
2023-07-18,2154.07,9.91,0.46,3519766554.2,,,,,,,merolagani-history
2023-07-19,2165.24,11.17,0.52,3287439137.9,,,,,,,merolagani-history
2023-07-20,2163.92,-1.32,-0.06,2985809640.7,,,,,,,merolagani-history
2023-07-23,2227.16,63.24,2.92,4300148747.6,,,,,,,merolagani-history
2023-07-24,2200.5,-26.66,-1.2,4621758656.5,,,,,,,merolagani-history
2023-07-25,2164.31,-36.19,-1.64,2851344938.33,,,,,,,merolagani-history
2023-07-26,2156.2,-8.11,-0.37,2233631998.1,,,,,,,merolagani-history
2023-07-27,2126.48,-29.72,-1.38,2369177699.9,,,,,,,merolagani-history
2023-07-30,2100.34,-26.14,-1.23,2439369536.6,,,,,,,merolagani-history
2023-07-31,2106.18,5.84,0.28,1827722346.4,,,,,,,merolagani-history
2023-08-01,2077.58,-28.6,-1.36,1894553692.7,,,,,,,merolagani-history
2023-08-02,2086.84,9.26,0.45,1573944078.9,,,,,,,merolagani-history
2023-08-03,2089.84,3.0,0.14,1759622668.4,,,,,,,merolagani-history
2023-08-06,2051.47,-38.37,-1.84,2667957628.1,,,,,,,merolagani-history
2023-08-07,2048.26,-3.21,-0.16,2247169292.6,,,,,,,merolagani-history
2023-08-08,2019.85,-28.41,-1.39,1720618919.9,,,,,,,merolagani-history
2023-08-09,2060.91,41.06,2.03,1879026334.2,,,,,,,merolagani-history
2023-08-10,2066.05,5.14,0.25,2123616592.5,,,,,,,merolagani-history
2023-08-13,2080.86,14.81,0.72,2399576099.5,,,,,,,merolagani-history
2023-08-14,2077.24,-3.62,-0.17,2050445340.9,,,,,,,merolagani-history
2023-08-15,2045.44,-31.8,-1.53,2095110938.3,,,,,,,merolagani-history
2023-08-16,2025.12,-20.32,-0.99,1679980672.0,,,,,,,merolagani-history
2023-08-17,2033.13,8.01,0.4,1510285809.0,,,,,,,merolagani-history
2023-08-20,2011.22,-21.91,-1.08,1433537671.6,,,,,,,merolagani-history
2023-08-21,1998.28,-12.94,-0.64,1375535847.6,,,,,,,merolagani-history
2023-08-22,2015.98,17.7,0.89,1034933156.0,,,,,,,merolagani-history
2023-08-23,2045.45,29.47,1.46,1499887631.4,,,,,,,merolagani-history
2023-08-24,2013.93,-31.52,-1.54,1524359956.0,,,,,,,merolagani-history
2023-08-27,1993.13,-20.8,-1.03,1237785089.3,,,,,,,merolagani-history
2023-08-28,1998.48,5.35,0.27,962239771.4,,,,,,,merolagani-history
2023-08-29,1993.42,-5.06,-0.25,796395008.0,,,,,,,merolagani-history
2023-08-30,1990.59,-2.83,-0.14,1104947584.0,,,,,,,merolagani-history
2023-09-03,1960.78,-29.81,-1.5,1148859650.0,,,,,,,merolagani-history
2023-09-04,1967.83,7.05,0.36,1073213988.9,,,,,,,merolagani-history
2023-09-05,1961.37,-6.46,-0.33,709805809.9,,,,,,,merolagani-history
2023-09-07,1932.45,-28.92,-1.47,1114407958.3,,,,,,,merolagani-history
2023-09-10,1942.68,10.23,0.53,1050847167.8,,,,,,,merolagani-history
2023-09-11,1986.99,44.31,2.28,1488642358.5,,,,,,,merolagani-history
2023-09-12,1967.57,-19.42,-0.98,1111120884.6,,,,,,,merolagani-history
2023-09-13,2007.06,39.49,2.01,1458949310.1,,,,,,,merolagani-history
2023-09-17,1964.91,-42.15,-2.1,2012325345.7,,,,,,,merolagani-history
2023-09-18,1969.18,4.27,0.22,858880240.0,,,,,,,merolagani-history
2023-09-19,1985.43,16.25,0.83,1146312940.9,,,,,,,merolagani-history
2023-09-21,2029.78,44.35,2.23,3265636242.1,,,,,,,merolagani-history
2023-09-24,2010.35,-19.43,-0.96,2227696739.4,,,,,,,merolagani-history
2023-09-25,2004.45,-5.9,-0.29,1516860236.3,,,,,,,merolagani-history
2023-09-26,2022.91,18.46,0.92,2036336236.4,,,,,,,merolagani-history
2023-09-27,2004.3,-18.61,-0.92,1776463675.1,,,,,,,merolagani-history
2023-10-01,1971.1,-33.2,-1.66,1654095139.7,,,,,,,merolagani-history
2023-10-02,1976.29,5.19,0.26,1710897312.2,,,,,,,merolagani-history
2023-10-03,1958.72,-17.57,-0.89,1163896052.4,,,,,,,merolagani-history
2023-10-04,1967.97,9.25,0.47,1173907031.3,,,,,,,merolagani-history
2023-10-05,1956.92,-11.05,-0.56,1093430750.5,,,,,,,merolagani-history
2023-10-08,1921.24,-35.68,-1.82,1732871966.23,,,,,,,merolagani-history
2023-10-09,1908.66,-12.58,-0.65,1143411078.84,,,,,,,merolagani-history
2023-10-10,1889.59,-19.07,-1.0,1265984073.0,,,,,,,merolagani-history
2023-10-11,1894.76,5.17,0.27,1066847242.0,,,,,,,merolagani-history
2023-10-12,1874.6,-20.16,-1.06,1500144186.7,,,,,,,merolagani-history
2023-10-16,1851.43,-23.17,-1.24,1171557826.7,,,,,,,merolagani-history
2023-10-17,1864.62,13.19,0.71,972213259.7,,,,,,,merolagani-history
2023-10-18,1907.89,43.27,2.32,868667600.0,,,,,,,merolagani-history
2023-10-19,1903.84,-4.05,-0.21,844683515.2,,,,,,,merolagani-history
2023-10-29,1875.65,-28.19,-1.48,736802751.5,,,,,,,merolagani-history
2023-10-30,1878.7,3.05,0.16,617664957.8,,,,,,,merolagani-history
2023-10-31,1864.4,-14.3,-0.76,546833298.8,,,,,,,merolagani-history
2023-11-01,1858.56,-5.84,-0.31,720421371.3,,,,,,,merolagani-history
2023-11-02,1847.7,-10.86,-0.58,787064339.1,,,,,,,merolagani-history
2023-11-05,1826.23,-21.47,-1.16,907507569.4,,,,,,,merolagani-history
2023-11-06,1847.54,21.31,1.17,883701817.9,,,,,,,merolagani-history
2023-11-07,1858.76,11.22,0.61,892564520.0,,,,,,,merolagani-history
2023-11-08,1863.94,5.18,0.28,681567459.0,,,,,,,merolagani-history
2023-11-09,1852.08,-11.86,-0.64,816995854.1,,,,,,,merolagani-history
2023-11-20,1853.48,1.4,0.08,1093370624.1,,,,,,,merolagani-history
2023-11-21,1829.65,-23.83,-1.29,936059863.2,,,,,,,merolagani-history
2023-11-22,1850.33,20.68,1.13,919023595.5,,,,,,,merolagani-history
2023-11-23,1860.2,9.87,0.53,1333052799.9,,,,,,,merolagani-history
2023-11-26,1907.95,47.75,2.57,1996891734.3,,,,,,,merolagani-history
2023-11-27,1896.67,-11.28,-0.59,1691655756.3,,,,,,,merolagani-history
2023-11-28,1894.53,-2.14,-0.11,1229161002.1,,,,,,,merolagani-history
2023-11-29,1876.6,-17.93,-0.95,1236642304.0,,,,,,,merolagani-history
2023-11-30,1858.53,-18.07,-0.96,1170080744.8,,,,,,,merolagani-history
2023-12-03,1851.23,-7.3,-0.39,938543625.6,,,,,,,merolagani-history
2023-12-04,1847.81,-3.42,-0.18,1188964492.7,,,,,,,merolagani-history
2023-12-05,1837.71,-10.1,-0.55,1508085116.6,,,,,,,merolagani-history
2023-12-06,1841.04,3.33,0.18,1141812352.0,,,,,,,merolagani-history
2023-12-07,1852.77,11.73,0.64,2799146496.0,,,,,,,merolagani-history
2023-12-10,1963.98,111.21,6.0,480038049.4,,,,,,,merolagani-history
2023-12-11,1948.57,-15.41,-0.78,4782554329.4,,,,,,,merolagani-history
2023-12-12,1985.44,36.87,1.89,4264793331.5,,,,,,,merolagani-history
2023-12-13,1988.04,2.6,0.13,3838719555.45,,,,,,,merolagani-history
2023-12-14,1994.6,6.56,0.33,3081240158.31,,,,,,,merolagani-history
2023-12-17,2022.35,27.75,1.39,5102788511.7,,,,,,,merolagani-history
2023-12-18,2060.49,38.14,1.89,6756044800.0,,,,,,,merolagani-history
2023-12-19,2106.48,45.99,2.23,5480400603.38,,,,,,,merolagani-history
2023-12-20,2141.87,35.39,1.68,6886233028.9,,,,,,,merolagani-history
2023-12-21,2109.1,-32.77,-1.53,6142475543.0,,,,,,,merolagani-history
2023-12-24,2088.07,-21.03,-1.0,6981673552.2,,,,,,,merolagani-history
2023-12-27,2070.84,-17.23,-0.83,5177007048.9,,,,,,,merolagani-history
2023-12-28,2068.9,-1.94,-0.09,4250241872.0,,,,,,,merolagani-history
2024-01-01,2060.15,-8.75,-0.42,4408190265.8,,,,,,,merolagani-history
2024-01-02,2030.1,-30.05,-1.46,3921811838.25,,,,,,,merolagani-history
2024-01-03,2058.0,27.9,1.37,4003468855.8,,,,,,,merolagani-history
2024-01-04,2049.28,-8.72,-0.42,5539325263.1,,,,,,,merolagani-history
2024-01-07,2022.92,-26.36,-1.29,5203398665.5,,,,,,,merolagani-history
2024-01-08,2059.49,36.57,1.81,4675224906.28,,,,,,,merolagani-history
2024-01-09,2080.12,20.63,1.0,6118317866.67,,,,,,,merolagani-history
2024-01-10,2089.62,9.5,0.46,5134848789.38,,,,,,,merolagani-history
2024-01-11,2088.99,-0.63,-0.03,4307763277.27,,,,,,,merolagani-history
2024-01-14,2120.62,31.63,1.51,5450421806.4,,,,,,,merolagani-history
2024-01-16,2175.17,54.55,2.57,8023862406.69,,,,,,,merolagani-history
2024-01-17,2163.06,-12.11,-0.56,9768969868.61,,,,,,,merolagani-history
2024-01-18,2155.82,-7.24,-0.33,8174986282.97,,,,,,,merolagani-history
2024-01-21,2130.18,-25.64,-1.19,7677740058.04,,,,,,,merolagani-history
2024-01-22,2098.69,-31.49,-1.48,6366070003.35,,,,,,,merolagani-history
2024-01-23,2098.29,-0.4,-0.02,4240655438.66,,,,,,,merolagani-history
2024-01-24,2088.04,-10.25,-0.49,3897022598.98,,,,,,,merolagani-history
2024-01-25,2084.09,-3.95,-0.19,3764505450.98,,,,,,,merolagani-history
2024-01-28,2094.46,10.37,0.5,3833776580.76,,,,,,,merolagani-history
2024-01-29,2104.72,10.26,0.49,4566522230.82,,,,,,,merolagani-history
2024-01-30,2119.61,14.89,0.71,5544217593.12,,,,,,,merolagani-history
2024-01-31,2097.93,-21.68,-1.02,5295605057.48,,,,,,,merolagani-history
2024-02-01,2067.01,-30.92,-1.47,4180632139.37,,,,,,,merolagani-history
2024-02-04,2061.7,-5.31,-0.26,3216727221.79,,,,,,,merolagani-history
2024-02-05,2076.27,14.57,0.71,2438058254.56,,,,,,,merolagani-history
2024-02-06,2085.71,9.44,0.45,2591534907.76,,,,,,,merolagani-history
2024-02-07,2090.64,4.93,0.24,2842550237.47,,,,,,,merolagani-history
2024-02-08,2096.32,5.68,0.27,3212283453.63,,,,,,,merolagani-history
2024-02-11,2085.82,-10.5,-0.5,4085678472.16,,,,,,,merolagani-history
2024-02-12,2101.16,15.34,0.74,3586984128.48,,,,,,,merolagani-history
2024-02-13,2070.59,-30.57,-1.45,4667179304.14,,,,,,,merolagani-history
2024-02-14,2076.5,5.91,0.29,4252722895.26,,,,,,,merolagani-history
2024-02-15,2062.03,-14.47,-0.7,3869118741.98,,,,,,,merolagani-history
2024-02-18,2034.82,-27.21,-1.32,3775422196.17,,,,,,,merolagani-history
2024-02-20,2033.06,-1.76,-0.09,3113556978.43,,,,,,,merolagani-history
2024-02-21,2026.59,-6.47,-0.32,2241961799.37,,,,,,,merolagani-history
2024-02-22,2005.83,-20.76,-1.02,3206167025.37,,,,,,,merolagani-history
2024-02-25,1979.02,-26.81,-1.34,3086951070.51,,,,,,,merolagani-history
2024-02-26,1992.3,13.28,0.67,2017739060.68,,,,,,,merolagani-history
2024-02-27,2001.64,9.34,0.47,1869813526.21,,,,,,,merolagani-history
2024-02-28,2000.77,-0.87,-0.04,2038100977.42,,,,,,,merolagani-history
2024-02-29,1972.09,-28.68,-1.43,2598737228.86,,,,,,,merolagani-history
2024-03-03,1960.3,-11.79,-0.6,2082786089.08,,,,,,,merolagani-history
2024-03-04,2078.0,117.7,6.0,375209978.32,,,,,,,merolagani-history
2024-03-05,2007.69,-70.31,-3.38,4113676958.02,,,,,,,merolagani-history
2024-03-06,2017.03,9.34,0.47,3450838357.2,,,,,,,merolagani-history
2024-03-07,2030.55,13.52,0.67,3199205820.35,,,,,,,merolagani-history
2024-03-10,2052.65,22.1,1.09,2922771558.91,,,,,,,merolagani-history
2024-03-12,2111.21,58.56,2.85,4551632347.82,,,,,,,merolagani-history
2024-03-13,2108.72,-2.49,-0.12,4248523332.22,,,,,,,merolagani-history
2024-03-14,2080.87,-27.85,-1.32,3943592302.13,,,,,,,merolagani-history
2024-03-17,2070.25,-10.62,-0.51,3387980384.33,,,,,,,merolagani-history
2024-03-18,2073.53,3.28,0.16,2885637818.91,,,,,,,merolagani-history
2024-03-19,2067.29,-6.24,-0.3,3633936554.87,,,,,,,merolagani-history
2024-03-20,2063.95,-3.34,-0.16,3496284036.16,,,,,,,merolagani-history
2024-03-21,2048.57,-15.38,-0.75,4313017713.5,,,,,,,merolagani-history
2024-03-25,2031.55,-17.02,-0.83,2489118485.08,,,,,,,merolagani-history
2024-03-26,2041.7,10.15,0.5,2354348503.01,,,,,,,merolagani-history
2024-03-27,2030.86,-10.84,-0.53,2235485534.3,,,,,,,merolagani-history
2024-03-28,2035.64,4.78,0.24,2653349468.51,,,,,,,merolagani-history
2024-03-31,2018.33,-17.31,-0.85,3205332324.76,,,,,,,merolagani-history
2024-04-01,2012.07,-6.26,-0.31,2874754305.75,,,,,,,merolagani-history
2024-04-02,2010.21,-1.86,-0.09,2291645585.49,,,,,,,merolagani-history
2024-04-03,2006.78,-3.43,-0.17,2536233986.67,,,,,,,merolagani-history
2024-04-04,2004.05,-2.73,-0.14,3037267307.85,,,,,,,merolagani-history
2024-04-07,2026.81,22.76,1.14,4256676333.56,,,,,,,merolagani-history
2024-04-09,2036.01,9.2,0.45,4143783989.11,,,,,,,merolagani-history
2024-04-10,2025.7,-10.31,-0.51,3485660672.0,,,,,,,merolagani-history
2024-04-14,2023.35,-2.35,-0.12,3063770943.62,,,,,,,merolagani-history
2024-04-15,2006.52,-16.83,-0.83,2797577432.68,,,,,,,merolagani-history
2024-04-16,1991.71,-14.81,-0.74,2103019264.0,,,,,,,merolagani-history
2024-04-18,1972.14,-19.57,-0.98,2093612792.78,,,,,,,merolagani-history
2024-04-21,1984.43,12.29,0.62,2259959456.89,,,,,,,merolagani-history
2024-04-22,1969.02,-15.41,-0.78,2058305185.19,,,,,,,merolagani-history
2024-04-24,1969.17,0.15,0.01,2536431998.5,,,,,,,merolagani-history
2024-04-25,1965.93,-3.24,-0.16,2366975594.12,,,,,,,merolagani-history
2024-04-28,1980.27,14.34,0.73,2682586955.82,,,,,,,merolagani-history
2024-04-29,1980.34,0.07,0.0,2959458501.43,,,,,,,merolagani-history
2024-04-30,2006.28,25.94,1.31,4800044601.66,,,,,,,merolagani-history
2024-05-02,1998.96,-7.32,-0.36,4133362726.23,,,,,,,merolagani-history
2024-05-05,1974.37,-24.59,-1.23,3795748352.0,,,,,,,merolagani-history
2024-05-06,1958.75,-15.62,-0.79,2891319979.88,,,,,,,merolagani-history
2024-05-07,1960.81,2.06,0.11,2140502621.77,,,,,,,merolagani-history
2024-05-08,1960.6,-0.21,-0.01,2547030825.5,,,,,,,merolagani-history
2024-05-09,1966.23,5.63,0.29,3121286362.59,,,,,,,merolagani-history
2024-05-12,1974.5,8.27,0.42,3155142168.43,,,,,,,merolagani-history
2024-05-13,1998.89,24.39,1.24,3408608157.91,,,,,,,merolagani-history
2024-05-14,2027.51,28.62,1.43,4088853664.8,,,,,,,merolagani-history
2024-05-15,2017.97,-9.54,-0.47,3708430055.17,,,,,,,merolagani-history
2024-05-16,2018.76,0.79,0.04,4233816403.71,,,,,,,merolagani-history
2024-05-19,2064.45,45.69,2.26,5251024786.63,,,,,,,merolagani-history
2024-05-20,2092.0,27.55,1.33,5854354212.19,,,,,,,merolagani-history
2024-05-21,2115.94,23.94,1.14,5206208111.56,,,,,,,merolagani-history
2024-05-22,2131.49,15.55,0.73,5687680912.8,,,,,,,merolagani-history
2024-05-26,2109.34,-22.15,-1.04,4441538471.7,,,,,,,merolagani-history
2024-05-27,2113.27,3.93,0.19,3893764143.93,,,,,,,merolagani-history
2024-05-29,2089.42,-23.85,-1.13,4575063274.39,,,,,,,merolagani-history
2024-05-30,2069.53,-19.89,-0.95,4217494195.65,,,,,,,merolagani-history
2024-06-02,2083.04,13.51,0.65,4311015629.95,,,,,,,merolagani-history
2024-06-03,2079.07,-3.97,-0.19,4004070243.6,,,,,,,merolagani-history
2024-06-04,2085.3,6.23,0.3,4084715877.41,,,,,,,merolagani-history
2024-06-05,2079.71,-5.59,-0.27,3992976492.79,,,,,,,merolagani-history
2024-06-06,2077.78,-1.93,-0.09,4388278720.38,,,,,,,merolagani-history
2024-06-09,2073.19,-4.59,-0.22,5189079522.44,,,,,,,merolagani-history
2024-06-10,2082.09,8.9,0.43,5490609782.28,,,,,,,merolagani-history
2024-06-11,2115.24,33.15,1.59,5555361739.06,,,,,,,merolagani-history
2024-06-12,2121.62,6.38,0.3,5894089245.13,,,,,,,merolagani-history
2024-06-13,2112.29,-9.33,-0.44,6443029208.11,,,,,,,merolagani-history
2024-06-16,2095.25,-17.04,-0.81,5472253551.85,,,,,,,merolagani-history
2024-06-18,2076.49,-18.76,-0.9,4055737884.32,,,,,,,merolagani-history
2024-06-19,2078.76,2.27,0.11,3404372632.64,,,,,,,merolagani-history
2024-06-20,2068.31,-10.45,-0.5,3870744903.34,,,,,,,merolagani-history
2024-06-23,2062.94,-5.37,-0.26,4374597458.65,,,,,,,merolagani-history
2024-06-24,2066.16,3.22,0.16,5077255116.15,,,,,,,merolagani-history
2024-06-25,2071.77,5.61,0.27,4187796833.89,,,,,,,merolagani-history
2024-06-26,2060.16,-11.61,-0.56,4058047734.22,,,,,,,merolagani-history
2024-06-27,2051.92,-8.24,-0.4,3715903824.54,,,,,,,merolagani-history
2024-06-30,2037.09,-14.83,-0.72,3607198407.66,,,,,,,merolagani-history
2024-07-01,2053.38,16.29,0.8,2999965021.53,,,,,,,merolagani-history
2024-07-02,2100.43,47.05,2.29,4576831720.09,,,,,,,merolagani-history
2024-07-03,2104.22,3.79,0.18,5083528935.17,,,,,,,merolagani-history
2024-07-04,2119.7,15.48,0.74,6482546980.64,,,,,,,merolagani-history
2024-07-07,2140.97,21.27,1.0,6002931854.71,,,,,,,merolagani-history
2024-07-08,2136.35,-4.62,-0.22,4569836106.0,,,,,,,merolagani-history
2024-07-09,2152.14,15.79,0.74,5535958885.31,,,,,,,merolagani-history
2024-07-10,2175.4,23.26,1.08,5744083391.51,,,,,,,merolagani-history
2024-07-11,2204.61,29.21,1.34,7080698146.05,,,,,,,merolagani-history
2024-07-14,2257.59,52.98,2.4,7620498520.87,,,,,,,merolagani-history
2024-07-15,2240.41,-17.18,-0.76,8731436037.15,,,,,,,merolagani-history
2024-07-16,2310.59,70.18,3.13,9138629642.41,,,,,,,merolagani-history
2024-07-17,2364.63,54.04,2.34,12059266113.47,,,,,,,merolagani-history
2024-07-18,2424.32,59.69,2.52,15548800738.21,,,,,,,merolagani-history
2024-07-21,2485.94,61.62,2.54,15238271290.98,,,,,,,merolagani-history
2024-07-22,2488.09,2.15,0.09,13915535440.98,,,,,,,merolagani-history
2024-07-23,2563.43,75.34,3.03,14116330995.76,,,,,,,merolagani-history
2024-07-24,2536.11,-27.32,-1.07,16208577314.53,,,,,,,merolagani-history
2024-07-25,2568.13,32.02,1.26,14137899049.28,,,,,,,merolagani-history
2024-07-28,2681.56,113.43,4.42,15810596235.45,,,,,,,merolagani-history
2024-07-29,2661.09,-20.47,-0.76,19609177106.29,,,,,,,merolagani-history
2024-07-30,2696.65,35.56,1.34,17266391542.97,,,,,,,merolagani-history
2024-07-31,2760.91,64.26,2.38,21911503161.06,,,,,,,merolagani-history
2024-08-01,2755.62,-5.29,-0.19,21713431007.74,,,,,,,merolagani-history
2024-08-05,2796.38,40.76,1.48,21864992277.64,,,,,,,merolagani-history
2024-08-06,2651.32,-145.06,-5.19,23716716874.1,,,,,,,merolagani-history
2024-08-07,2759.67,108.35,4.09,17950918627.83,,,,,,,merolagani-history
2024-08-08,2766.38,6.71,0.24,20070434103.38,,,,,,,merolagani-history
2024-08-11,2860.84,94.46,3.41,25779453509.9,,,,,,,merolagani-history
2024-08-12,2931.65,70.81,2.48,27242034765.89,,,,,,,merolagani-history
2024-08-13,2923.46,-8.19,-0.28,21515010633.31,,,,,,,merolagani-history
2024-08-14,2957.75,34.29,1.17,23430581150.48,,,,,,,merolagani-history
2024-08-15,3000.81,43.06,1.46,29958519216.95,,,,,,,merolagani-history
2024-08-18,2966.33,-34.48,-1.15,28836997376.12,,,,,,,merolagani-history
2024-08-21,2968.44,2.11,0.07,18906373792.01,,,,,,,merolagani-history
2024-08-22,2974.46,6.02,0.2,19160652085.56,,,,,,,merolagani-history
2024-08-25,2894.57,-79.89,-2.69,19740593800.64,,,,,,,merolagani-history
2024-08-27,2782.6,-111.97,-3.87,18649533170.35,,,,,,,merolagani-history
2024-08-28,2786.4,3.8,0.14,13727368393.64,,,,,,,merolagani-history
2024-08-29,2749.57,-36.83,-1.32,12243601365.9,,,,,,,merolagani-history
2024-09-01,2695.93,-53.64,-1.95,10517682349.32,,,,,,,merolagani-history
2024-09-02,2823.25,127.32,4.72,13104631802.67,,,,,,,merolagani-history
2024-09-03,2830.2,6.95,0.25,13577105289.17,,,,,,,merolagani-history
2024-09-04,2739.46,-90.74,-3.21,12925688215.22,,,,,,,merolagani-history
2024-09-05,2727.36,-12.1,-0.44,9651513246.31,,,,,,,merolagani-history
2024-09-08,2701.9,-25.46,-0.93,10122408249.12,,,,,,,merolagani-history
2024-09-09,2646.03,-55.87,-2.07,9439106425.54,,,,,,,merolagani-history
2024-09-10,2632.94,-13.09,-0.49,7245568421.39,,,,,,,merolagani-history
2024-09-11,2610.21,-22.73,-0.86,6851179051.18,,,,,,,merolagani-history
2024-09-12,2688.53,78.32,3.0,8169274612.81,,,,,,,merolagani-history
2024-09-15,2637.79,-50.74,-1.89,10339235957.45,,,,,,,merolagani-history
2024-09-16,2580.76,-57.03,-2.16,7361988383.74,,,,,,,merolagani-history
2024-09-18,2576.76,-4.0,-0.15,5669194961.88,,,,,,,merolagani-history
2024-09-22,2588.35,11.59,0.45,5092948690.69,,,,,,,merolagani-history
2024-09-23,2529.33,-59.02,-2.28,5660302683.5,,,,,,,merolagani-history
2024-09-24,2470.39,-58.94,-2.33,5689561356.69,,,,,,,merolagani-history
2024-09-25,2519.57,49.18,1.99,4813223004.49,,,,,,,merolagani-history
2024-09-26,2486.76,-32.81,-1.3,4841407720.14,,,,,,,merolagani-history
2024-09-29,2464.4,-22.36,-0.9,4050658036.94,,,,,,,merolagani-history
2024-09-30,2508.86,44.46,1.8,3715359935.12,,,,,,,merolagani-history
2024-10-01,2623.56,114.7,4.57,7616522258.0,,,,,,,merolagani-history
2024-10-02,2597.49,-26.07,-0.99,6778195881.11,,,,,,,merolagani-history
2024-10-06,2653.58,56.09,2.16,6138206705.7,,,,,,,merolagani-history
2024-10-07,2690.72,37.14,1.4,7095953027.17,,,,,,,merolagani-history
2024-10-08,2663.32,-27.4,-1.02,4593727244.34,,,,,,,merolagani-history
2024-10-09,2668.17,4.85,0.18,3761512706.84,,,,,,,merolagani-history
2024-10-15,2699.66,31.49,1.18,3062337799.24,,,,,,,merolagani-history
2024-10-16,2742.88,43.22,1.6,5660237737.6,,,,,,,merolagani-history
2024-10-17,2745.36,2.48,0.09,7192792166.86,,,,,,,merolagani-history
2024-10-20,2697.91,-47.45,-1.73,8180262572.12,,,,,,,merolagani-history
2024-10-21,2639.92,-57.99,-2.15,5900791044.48,,,,,,,merolagani-history
2024-10-22,2665.81,25.89,0.98,4171665619.7,,,,,,,merolagani-history
2024-10-23,2645.39,-20.42,-0.77,6278951853.73,,,,,,,merolagani-history
2024-10-24,2627.14,-18.25,-0.69,5419104157.29,,,,,,,merolagani-history
2024-10-27,2617.95,-9.19,-0.35,4732487864.93,,,,,,,merolagani-history
2024-10-28,2645.36,27.41,1.05,5344800912.48,,,,,,,merolagani-history
2024-10-29,2692.05,46.69,1.76,6128264580.33,,,,,,,merolagani-history
2024-10-30,2677.62,-14.43,-0.54,5953950787.59,,,,,,,merolagani-history
2024-11-05,2677.4,-0.22,-0.01,4205505237.61,,,,,,,merolagani-history
2024-11-06,2675.51,-1.89,-0.07,5222486851.24,,,,,,,merolagani-history
2024-11-10,2738.06,62.55,2.34,9771124073.55,,,,,,,merolagani-history
2024-11-11,2760.21,22.15,0.81,11315207127.09,,,,,,,merolagani-history
2024-11-12,2748.96,-11.25,-0.41,7859740798.91,,,,,,,merolagani-history
2024-11-13,2734.83,-14.13,-0.51,7911976449.08,,,,,,,merolagani-history
2024-11-14,2748.78,13.95,0.51,10320331436.2,,,,,,,merolagani-history
2024-11-17,2753.76,4.98,0.18,11726756904.61,,,,,,,merolagani-history
2024-11-19,2702.65,-51.11,-1.86,10468320521.9,,,,,,,merolagani-history
2024-11-20,2711.75,9.1,0.34,7092879946.39,,,,,,,merolagani-history
2024-11-21,2680.44,-31.31,-1.15,8257643886.83,,,,,,,merolagani-history
2024-11-24,2667.4,-13.04,-0.49,7728861250.73,,,,,,,merolagani-history
2024-11-25,2683.24,15.84,0.59,6345809597.84,,,,,,,merolagani-history
2024-11-26,2716.66,33.42,1.25,7449898987.89,,,,,,,merolagani-history
2024-11-27,2756.36,39.7,1.46,9312934840.36,,,,,,,merolagani-history
2024-11-28,2748.05,-8.31,-0.3,8545525373.13,,,,,,,merolagani-history
2024-12-01,2738.06,-9.99,-0.36,8831222992.82,,,,,,,merolagani-history
2024-12-02,2758.04,19.98,0.73,10541746564.07,,,,,,,merolagani-history
2024-12-03,2775.85,17.81,0.65,8521219299.67,,,,,,,merolagani-history
2024-12-04,2750.87,-24.98,-0.9,9132468906.77,,,,,,,merolagani-history
2024-12-05,2734.93,-15.94,-0.58,8369687402.72,,,,,,,merolagani-history
2024-12-08,2689.0,-45.93,-1.68,7460304999.55,,,,,,,merolagani-history
2024-12-09,2676.15,-12.85,-0.48,5629945822.09,,,,,,,merolagani-history
2024-12-10,2669.82,-6.33,-0.24,4413320290.81,,,,,,,merolagani-history
2024-12-11,2715.71,45.89,1.72,5050654450.1,,,,,,,merolagani-history
2024-12-12,2682.29,-33.42,-1.23,6144065744.0,,,,,,,merolagani-history
2024-12-16,2630.91,-51.38,-1.92,5935604847.04,,,,,,,merolagani-history
2024-12-17,2633.87,2.96,0.11,4343234740.52,,,,,,,merolagani-history
2024-12-18,2628.26,-5.61,-0.21,4270082575.91,,,,,,,merolagani-history
2024-12-19,2596.82,-31.44,-1.2,4760267483.48,,,,,,,merolagani-history
2024-12-22,2583.29,-13.53,-0.52,4518385107.17,,,,,,,merolagani-history
2024-12-23,2612.2,28.91,1.12,4430024603.33,,,,,,,merolagani-history
2024-12-24,2626.52,14.32,0.55,5202263038.57,,,,,,,merolagani-history
2024-12-26,2630.71,4.19,0.16,5329274454.77,,,,,,,merolagani-history
2024-12-29,2609.58,-21.13,-0.8,5474868764.77,,,,,,,merolagani-history
2024-12-31,2576.5,-33.08,-1.27,5674686091.49,,,,,,,merolagani-history
2025-01-01,2581.6,5.1,0.2,3597445334.37,,,,,,,merolagani-history
2025-01-02,2586.23,4.63,0.18,4603282379.17,,,,,,,merolagani-history
2025-01-05,2591.56,5.33,0.21,4860201974.98,,,,,,,merolagani-history
2025-01-06,2640.68,49.12,1.9,6305431854.5,,,,,,,merolagani-history
2025-01-07,2646.84,6.16,0.23,5384672295.67,,,,,,,merolagani-history
2025-01-08,2653.23,6.39,0.24,6407992784.11,,,,,,,merolagani-history
2025-01-09,2635.09,-18.14,-0.68,7305342581.67,,,,,,,merolagani-history
2025-01-12,2609.67,-25.42,-0.96,3997909323.87,,,,,,,merolagani-history
2025-01-13,2594.13,-15.54,-0.6,6650883103.54,,,,,,,merolagani-history
2025-01-15,2595.96,1.83,0.07,5824904134.7,,,,,,,merolagani-history
2025-01-16,2588.62,-7.34,-0.28,5933711674.74,,,,,,,merolagani-history
2025-01-19,2601.21,12.59,0.49,6257235624.3,,,,,,,merolagani-history
2025-01-20,2607.99,6.78,0.26,6570477886.37,,,,,,,merolagani-history
2025-01-21,2613.08,5.09,0.2,6190141891.18,,,,,,,merolagani-history
2025-01-22,2665.45,52.37,2.0,9203088349.68,,,,,,,merolagani-history
2025-01-23,2654.35,-11.1,-0.42,7857792326.04,,,,,,,merolagani-history
2025-01-26,2643.93,-10.42,-0.39,9128673514.8,,,,,,,merolagani-history
2025-01-27,2633.27,-10.66,-0.4,8924065888.67,,,,,,,merolagani-history
2025-01-28,2657.77,24.5,0.93,9402678033.94,,,,,,,merolagani-history
2025-02-02,2727.58,69.81,2.63,12955764136.99,,,,,,,merolagani-history
2025-02-03,2730.0,2.42,0.09,11875967538.34,,,,,,,merolagani-history
2025-02-04,2715.91,-14.09,-0.52,8919697775.36,,,,,,,merolagani-history
2025-02-05,2711.45,-4.46,-0.16,8958007305.37,,,,,,,merolagani-history
2025-02-06,2699.81,-11.64,-0.43,9247375287.27,,,,,,,merolagani-history
2025-02-09,2688.31,-11.5,-0.43,8398660628.97,,,,,,,merolagani-history
2025-02-10,2677.32,-10.99,-0.41,6960292235.03,,,,,,,merolagani-history
2025-02-11,2683.86,6.54,0.24,7246221260.29,,,,,,,merolagani-history
2025-02-12,2685.73,1.87,0.07,8717847062.68,,,,,,,merolagani-history
2025-02-13,2678.47,-7.26,-0.27,7921300982.67,,,,,,,merolagani-history
2025-02-16,2698.03,19.56,0.73,9470308266.5,,,,,,,merolagani-history
2025-02-17,2727.91,29.88,1.11,10049654832.64,,,,,,,merolagani-history
2025-02-18,2740.59,12.68,0.46,10437006214.82,,,,,,,merolagani-history
2025-02-20,2743.74,3.15,0.11,8627687599.86,,,,,,,merolagani-history
2025-02-23,2755.4,11.66,0.42,11548337612.87,,,,,,,merolagani-history
2025-02-24,2758.75,3.35,0.12,11085464758.61,,,,,,,merolagani-history
2025-02-25,2765.88,7.13,0.26,9909386227.97,,,,,,,merolagani-history
2025-02-27,2815.04,49.16,1.78,11392401815.91,,,,,,,merolagani-history
2025-03-02,2890.28,75.24,2.67,14250475736.95,,,,,,,merolagani-history
2025-03-03,2876.66,-13.62,-0.47,14284510595.52,,,,,,,merolagani-history
2025-03-04,2846.3,-30.36,-1.06,12946493939.18,,,,,,,merolagani-history
2025-03-05,2821.13,-25.17,-0.88,10972654473.07,,,,,,,merolagani-history
2025-03-06,2818.43,-2.7,-0.1,10101817681.95,,,,,,,merolagani-history
2025-03-09,2772.1,-46.33,-1.64,10093654129.61,,,,,,,merolagani-history
2025-03-10,2751.42,-20.68,-0.75,8378055057.57,,,,,,,merolagani-history
2025-03-11,2719.2,-32.22,-1.17,8391149050.0,,,,,,,merolagani-history
2025-03-12,2736.48,17.28,0.64,8235268755.31,,,,,,,merolagani-history
2025-03-16,2714.85,-21.63,-0.79,6836640407.59,,,,,,,merolagani-history
2025-03-17,2704.7,-10.15,-0.37,5408314075.31,,,,,,,merolagani-history
2025-03-18,2697.04,-7.66,-0.28,4346632263.57,,,,,,,merolagani-history
2025-03-19,2682.15,-14.89,-0.55,5143997643.36,,,,,,,merolagani-history
2025-03-20,2669.31,-12.84,-0.48,4561311282.77,,,,,,,merolagani-history
2025-03-23,2614.68,-54.63,-2.05,6320141365.6,,,,,,,merolagani-history
2025-03-24,2640.78,26.1,1.0,4483599004.49,,,,,,,merolagani-history
2025-03-25,2582.73,-58.05,-2.2,5180718708.1,,,,,,,merolagani-history
2025-03-26,2621.86,39.13,1.52,4204408894.9,,,,,,,merolagani-history
2025-03-27,2663.3,41.44,1.58,5223083340.93,,,,,,,merolagani-history
2025-03-30,2693.12,29.82,1.12,7568226197.37,,,,,,,merolagani-history
2025-04-01,2676.17,-16.95,-0.63,5797791700.14,,,,,,,merolagani-history
2025-04-02,2700.04,23.87,0.89,5444435901.36,,,,,,,merolagani-history
2025-04-03,2703.39,3.35,0.12,7844642487.27,,,,,,,merolagani-history
2025-04-07,2670.06,-33.33,-1.23,5658973766.4,,,,,,,merolagani-history
2025-04-08,2666.61,-3.45,-0.13,5309568997.49,,,,,,,merolagani-history
2025-04-09,2676.28,9.67,0.36,4484619740.83,,,,,,,merolagani-history
2025-04-10,2670.7,-5.58,-0.21,5637981250.23,,,,,,,merolagani-history
2025-04-13,2662.08,-8.62,-0.32,6280296245.03,,,,,,,merolagani-history
2025-04-15,2689.22,27.14,1.02,8544357887.81,,,,,,,merolagani-history
2025-04-16,2696.23,7.01,0.26,7265122241.8,,,,,,,merolagani-history
2025-04-17,2722.73,26.5,0.98,10797363282.32,,,,,,,merolagani-history
2025-04-20,2706.04,-16.69,-0.61,8433589785.29,,,,,,,merolagani-history
2025-04-21,2698.28,-7.76,-0.29,8775720293.64,,,,,,,merolagani-history
2025-04-22,2688.32,-9.96,-0.37,8321282188.84,,,,,,,merolagani-history
2025-04-23,2655.94,-32.38,-1.2,7575517246.76,,,,,,,merolagani-history
2025-04-24,2658.02,2.08,0.08,7879381268.28,,,,,,,merolagani-history
2025-04-27,2661.6,3.58,0.13,10875991144.35,,,,,,,merolagani-history
2025-04-28,2647.07,-14.53,-0.55,8912843919.7,,,,,,,merolagani-history
2025-04-29,2631.98,-15.09,-0.57,7575206278.35,,,,,,,merolagani-history
2025-04-30,2623.83,-8.15,-0.31,9374122655.9,,,,,,,merolagani-history
2025-05-04,2620.39,-3.44,-0.13,9245583315.99,,,,,,,merolagani-history
2025-05-05,2610.4,-9.99,-0.38,7634193693.73,,,,,,,merolagani-history
2025-05-06,2611.43,1.03,0.04,8747668846.35,,,,,,,merolagani-history
2025-05-07,2673.69,62.26,2.38,10518406352.64,,,,,,,merolagani-history
2025-05-08,2661.64,-12.05,-0.45,11650017851.57,,,,,,,merolagani-history
2025-05-11,2649.11,-12.53,-0.47,10202701344.0,,,,,,,merolagani-history
2025-05-13,2634.23,-14.88,-0.56,9634812612.57,,,,,,,merolagani-history
2025-05-14,2620.27,-13.96,-0.53,8736570105.44,,,,,,,merolagani-history
2025-05-15,2611.85,-8.42,-0.32,7083348240.63,,,,,,,merolagani-history
2025-05-18,2609.05,-2.8,-0.11,8509221312.61,,,,,,,merolagani-history
2025-05-19,2628.36,19.31,0.74,7358855085.18,,,,,,,merolagani-history
2025-05-20,2677.45,49.09,1.87,7312790196.17,,,,,,,merolagani-history
2025-05-21,2669.51,-7.94,-0.3,10698651680.7,,,,,,,merolagani-history
2025-05-22,2688.55,19.04,0.71,9822070682.42,,,,,,,merolagani-history
2025-05-25,2679.98,-8.57,-0.32,7609542212.0,,,,,,,merolagani-history
2025-05-26,2674.76,-5.22,-0.19,7585022590.92,,,,,,,merolagani-history
2025-05-27,2675.62,0.86,0.03,6527839581.54,,,,,,,merolagani-history
2025-05-28,2693.06,17.44,0.65,8586004334.25,,,,,,,merolagani-history
2025-06-02,2694.66,1.6,0.06,9226322933.09,,,,,,,merolagani-history
2025-06-03,2658.93,-35.73,-1.33,6679561324.54,,,,,,,merolagani-history
2025-06-04,2646.95,-11.98,-0.45,5163334522.54,,,,,,,merolagani-history
2025-06-05,2640.96,-5.99,-0.23,7970886663.46,,,,,,,merolagani-history
2025-06-08,2629.89,-11.07,-0.42,9137414918.93,,,,,,,merolagani-history
2025-06-09,2653.09,23.2,0.88,8689350319.62,,,,,,,merolagani-history
2025-06-10,2678.17,25.08,0.95,10160981076.17,,,,,,,merolagani-history
2025-06-11,2664.47,-13.7,-0.51,9907005575.08,,,,,,,merolagani-history
2025-06-12,2655.38,-9.09,-0.34,12515308961.61,,,,,,,merolagani-history
2025-06-15,2655.85,0.47,0.02,11443272636.94,,,,,,,merolagani-history
2025-06-16,2658.66,2.81,0.11,13186945742.16,,,,,,,merolagani-history
2025-06-17,2654.75,-3.91,-0.15,7653249312.89,,,,,,,merolagani-history
2025-06-18,2653.68,-1.07,-0.04,9085886877.1,,,,,,,merolagani-history
2025-06-19,2628.91,-24.77,-0.93,11231489964.8,,,,,,,merolagani-history
2025-06-22,2595.97,-32.94,-1.25,9145858510.44,,,,,,,merolagani-history
2025-06-23,2600.76,4.79,0.18,6471952678.0,,,,,,,merolagani-history
2025-06-24,2600.53,-0.23,-0.01,5767895001.15,,,,,,,merolagani-history
2025-06-25,2600.2,-0.33,-0.01,5942852256.21,,,,,,,merolagani-history
2025-06-26,2595.74,-4.46,-0.17,7780242243.42,,,,,,,merolagani-history
2025-06-29,2622.28,26.54,1.02,7121736114.18,,,,,,,merolagani-history
2025-06-30,2631.48,9.2,0.35,6387207015.18,,,,,,,merolagani-history
2025-07-01,2660.39,28.91,1.1,7033050286.61,,,,,,,merolagani-history
2025-07-02,2694.82,34.43,1.29,9744843375.86,,,,,,,merolagani-history
2025-07-03,2703.96,9.14,0.34,9645550680.17,,,,,,,merolagani-history
2025-07-06,2706.36,2.4,0.09,9500003268.96,,,,,,,merolagani-history
2025-07-07,2684.01,-22.35,-0.83,8377327147.78,,,,,,,merolagani-history
2025-07-08,2683.86,-0.15,-0.01,6574166814.73,,,,,,,merolagani-history
2025-07-09,2705.9,22.04,0.82,7451877102.1,,,,,,,merolagani-history
2025-07-10,2731.8,25.9,0.96,9682488739.83,,,,,,,merolagani-history
2025-07-13,2760.8,29.0,1.06,11416428467.0,,,,,,,merolagani-history
2025-07-14,2725.71,-35.09,-1.27,8172143326.07,,,,,,,merolagani-history
2025-07-15,2760.17,34.46,1.26,9419165807.84,,,,,,,merolagani-history
2025-07-16,2794.78,34.61,1.25,14034839880.49,,,,,,,merolagani-history
2025-07-17,2870.63,75.85,2.71,16592105455.17,,,,,,,merolagani-history
2025-07-20,2870.95,0.32,0.01,21464994133.02,,,,,,,merolagani-history
2025-07-21,2892.72,21.77,0.76,16327115238.99,,,,,,,merolagani-history
2025-07-22,2973.7,80.98,2.8,20085367293.76,,,,,,,merolagani-history
2025-07-23,2978.88,5.18,0.17,19575270557.67,,,,,,,merolagani-history
2025-07-24,2982.64,3.76,0.13,18490428794.07,,,,,,,merolagani-history
2025-07-27,2964.2,-18.44,-0.62,26577438237.51,,,,,,,merolagani-history
2025-07-28,2971.31,7.11,0.24,19360873034.29,,,,,,,merolagani-history
2025-07-29,3002.07,30.76,1.04,18529322885.93,,,,,,,merolagani-history
2025-07-30,2954.14,-47.93,-1.6,16441354408.52,,,,,,,merolagani-history
2025-07-31,2922.63,-31.51,-1.07,15988911994.36,,,,,,,merolagani-history
2025-08-03,2858.9,-63.73,-2.18,13075004920.34,,,,,,,merolagani-history
2025-08-04,2875.36,16.46,0.58,10822449402.92,,,,,,,merolagani-history
2025-08-05,2834.0,-41.36,-1.44,9333965281.84,,,,,,,merolagani-history
2025-08-06,2832.06,-1.94,-0.07,7631375952.79,,,,,,,merolagani-history
2025-08-07,2850.37,18.31,0.65,8537581254.96,,,,,,,merolagani-history
2025-08-11,2822.46,-27.91,-0.98,10210142308.44,,,,,,,merolagani-history
2025-08-12,2796.24,-26.22,-0.93,6918983507.82,,,,,,,merolagani-history
2025-08-13,2785.74,-10.5,-0.38,6161894734.55,,,,,,,merolagani-history
2025-08-14,2788.36,2.62,0.09,7464177704.29,,,,,,,merolagani-history
2025-08-17,2761.22,-27.14,-0.97,7735195094.63,,,,,,,merolagani-history
2025-08-18,2770.39,9.17,0.33,6179855209.52,,,,,,,merolagani-history
2025-08-19,2776.9,6.51,0.23,5636548038.26,,,,,,,merolagani-history
2025-08-20,2767.2,-9.7,-0.35,5200753868.02,,,,,,,merolagani-history
2025-08-21,2757.97,-9.23,-0.33,5020104816.55,,,,,,,merolagani-history
2025-08-24,2739.95,-18.02,-0.65,6548638335.92,,,,,,,merolagani-history
2025-08-25,2761.26,21.31,0.78,5753219652.78,,,,,,,merolagani-history
2025-08-26,2766.09,4.83,0.17,4185315734.37,,,,,,,merolagani-history
2025-08-27,2819.1,53.01,1.92,7683386441.7,,,,,,,merolagani-history
2025-08-28,2781.0,-38.1,-1.35,8095610445.99,,,,,,,merolagani-history
2025-08-31,2749.83,-31.17,-1.12,6061822379.1,,,,,,,merolagani-history
2025-09-01,2761.86,12.03,0.44,5105746657.65,,,,,,,merolagani-history
2025-09-02,2741.97,-19.89,-0.72,4438251812.71,,,,,,,merolagani-history
2025-09-03,2726.33,-15.64,-0.57,4728052860.98,,,,,,,merolagani-history
2025-09-04,2719.77,-6.56,-0.24,5144322258.75,,,,,,,merolagani-history
2025-09-07,2708.25,-11.52,-0.42,4402767271.72,,,,,,,merolagani-history
2025-09-08,2672.25,-36.0,-1.33,5233766698.24,,,,,,,merolagani-history
2025-09-18,2511.91,-160.34,-6.0,728702830.7,,,,,,,merolagani-history
2025-09-21,2623.62,111.71,4.45,9179573079.96,,,,,,,merolagani-history
2025-09-23,2682.25,58.63,2.23,5292773925.39,,,,,,,merolagani-history
2025-09-24,2654.35,-27.9,-1.04,4124821863.78,,,,,,,merolagani-history
2025-09-25,2652.0,-2.35,-0.09,3260440604.18,,,,,,,merolagani-history
2025-09-28,2663.51,11.51,0.43,2935914910.74,,,,,,,merolagani-history
2025-10-07,2604.96,-58.55,-2.2,4629042656.66,,,,,,,merolagani-history
2025-10-08,2559.59,-45.37,-1.74,5762701110.82,,,,,,,merolagani-history
2025-10-09,2582.18,22.59,0.88,5273221479.76,,,,,,,merolagani-history
2025-10-12,2503.35,-78.83,-3.05,6707245266.37,,,,,,,merolagani-history
2025-10-13,2547.6,44.25,1.77,4975408545.45,,,,,,,merolagani-history
2025-10-14,2528.16,-19.44,-0.76,3366198262.35,,,,,,,merolagani-history
2025-10-15,2505.58,-22.58,-0.89,3101830945.46,,,,,,,merolagani-history
2025-10-16,2487.17,-18.41,-0.73,3270054864.16,,,,,,,merolagani-history
2025-10-19,2503.85,16.68,0.67,2791189909.04,,,,,,,merolagani-history
2025-10-26,2509.04,5.19,0.21,2661302284.85,,,,,,,merolagani-history
2025-10-28,2571.34,62.3,2.48,4573943405.5,,,,,,,merolagani-history
2025-10-29,2566.16,-5.18,-0.2,5459767681.9,,,,,,,merolagani-history
2025-10-30,2600.38,34.22,1.33,7513938473.45,,,,,,,merolagani-history
2025-11-02,2631.14,30.76,1.18,9203146429.51,,,,,,,merolagani-history
2025-11-03,2622.89,-8.25,-0.31,6052226903.77,,,,,,,merolagani-history
2025-11-04,2595.24,-27.65,-1.05,5150768938.98,,,,,,,merolagani-history
2025-11-05,2607.42,12.18,0.47,4681922814.96,,,,,,,merolagani-history
2025-11-06,2596.12,-11.3,-0.43,5416939357.23,,,,,,,merolagani-history
2025-11-09,2566.09,-30.03,-1.16,4907624328.4,,,,,,,merolagani-history
2025-11-10,2561.94,-4.15,-0.16,4514408236.34,,,,,,,merolagani-history
2025-11-11,2565.16,3.22,0.13,3626175110.67,,,,,,,merolagani-history
2025-11-12,2544.59,-20.57,-0.8,3848586411.67,,,,,,,merolagani-history
2025-11-13,2545.73,1.14,0.04,3499821671.82,,,,,,,merolagani-history
2025-11-16,2540.57,-5.16,-0.2,3893975793.73,,,,,,,merolagani-history
2025-11-17,2550.36,9.79,0.39,3946074358.89,,,,,,,merolagani-history
2025-11-18,2566.07,15.71,0.62,4105406134.02,,,,,,,merolagani-history
2025-11-19,2561.08,-4.99,-0.19,3778632771.31,,,,,,,merolagani-history
2025-11-20,2560.29,-0.79,-0.03,4688868299.24,,,,,,,merolagani-history
2025-11-23,2600.22,39.93,1.56,6286733916.88,,,,,,,merolagani-history
2025-11-24,2650.66,50.44,1.94,7035480136.98,,,,,,,merolagani-history
2025-11-25,2655.99,5.33,0.2,5823028663.97,,,,,,,merolagani-history
2025-11-26,2665.6,9.61,0.36,6692971095.05,,,,,,,merolagani-history
2025-11-27,2676.03,10.43,0.39,6662383143.47,,,,,,,merolagani-history
2025-11-30,2649.52,-26.51,-0.99,7085449433.6,,,,,,,merolagani-history
2025-12-01,2645.24,-4.28,-0.16,4716383580.86,,,,,,,merolagani-history
2025-12-02,2644.7,-0.54,-0.02,4481394149.97,,,,,,,merolagani-history
2025-12-03,2631.17,-13.53,-0.51,5235699337.33,,,,,,,merolagani-history
2025-12-07,2609.69,-21.48,-0.82,5334415331.06,,,,,,,merolagani-history
2025-12-08,2606.67,-3.02,-0.12,4669548742.62,,,,,,,merolagani-history
2025-12-09,2614.07,7.4,0.28,3755027795.93,,,,,,,merolagani-history
2025-12-10,2609.03,-5.04,-0.19,3738772373.24,,,,,,,merolagani-history
2025-12-11,2607.37,-1.66,-0.06,3497979756.57,,,,,,,merolagani-history
2025-12-14,2594.87,-12.5,-0.48,4007455077.0,,,,,,,merolagani-history
2025-12-15,2601.61,6.74,0.26,3441903770.18,,,,,,,merolagani-history
2025-12-16,2619.99,18.38,0.71,3294227122.34,,,,,,,merolagani-history
2025-12-17,2625.69,5.7,0.22,4053720782.1,,,,,,,merolagani-history
2025-12-18,2615.03,-10.66,-0.41,4577827903.2,,,,,,,merolagani-history
2025-12-21,2595.1,-19.93,-0.76,4528715671.15,,,,,,,merolagani-history
2025-12-22,2581.21,-13.89,-0.54,3515930718.5,,,,,,,merolagani-history
2025-12-23,2584.49,3.28,0.13,3429893942.07,,,,,,,merolagani-history
2025-12-24,2585.87,1.38,0.05,3224664663.45,,,,,,,merolagani-history
2025-12-28,2633.42,47.55,1.84,5531370061.58,,,,,,,merolagani-history
2025-12-29,2622.88,-10.54,-0.4,4774786034.55,,,,,,,merolagani-history
2025-12-31,2633.76,10.88,0.41,5134850052.25,,,,,,,merolagani-history
2026-01-01,2620.92,-12.84,-0.49,4713905470.5,,,,,,,merolagani-history
2026-01-04,2610.63,-10.29,-0.39,5017587294.34,,,,,,,merolagani-history
2026-01-05,2639.37,28.74,1.1,6473736099.27,,,,,,,merolagani-history
2026-01-06,2649.3,9.93,0.38,7123365296.18,,,,,,,merolagani-history
2026-01-07,2635.94,-13.36,-0.5,5175091991.6,,,,,,,merolagani-history
2026-01-08,2640.54,4.6,0.17,4908094092.74,,,,,,,merolagani-history
2026-01-12,2635.0,-5.54,-0.21,6472607801.61,,,,,,,merolagani-history
2026-01-13,2639.91,4.91,0.19,6990484039.45,,,,,,,merolagani-history
2026-01-14,2641.43,1.52,0.06,6209438906.37,,,,,,,merolagani-history
2026-01-18,2672.55,31.12,1.18,8402797775.59,,,,,,,merolagani-history
2026-01-20,2714.81,42.26,1.58,11858421070.67,,,,,,,merolagani-history
2026-01-21,2705.38,-9.43,-0.35,8923650346.99,,,,,,,merolagani-history
2026-01-22,2714.61,9.23,0.34,9073978098.79,,,,,,,merolagani-history
2026-01-25,2772.17,57.56,2.12,13785729645.05,,,,,,,merolagani-history
2026-01-26,2769.09,-3.08,-0.11,16355730466.82,,,,,,,merolagani-history
2026-01-27,2726.51,-42.58,-1.54,14167179442.72,,,,,,,merolagani-history
2026-01-28,2731.59,5.08,0.19,11493989185.27,,,,,,,merolagani-history
2026-01-29,2714.05,-17.54,-0.64,14563138865.71,,,,,,,merolagani-history
2026-02-01,2694.2,-19.85,-0.73,9109457278.45,,,,,,,merolagani-history
2026-02-02,2695.73,1.53,0.06,8223965669.86,,,,,,,merolagani-history
2026-02-03,2683.15,-12.58,-0.47,8631512542.17,,,,,,,merolagani-history
2026-02-04,2681.5,-1.65,-0.06,7499742098.46,,,,,,,merolagani-history
2026-02-05,2708.7,27.2,1.01,11582893800.91,,,,,,,merolagani-history
2026-02-08,2698.45,-10.25,-0.38,11659752143.11,,,,,,,merolagani-history
2026-02-09,2672.39,-26.06,-0.97,10773915289.22,,,,,,,merolagani-history
2026-02-10,2662.14,-10.25,-0.38,8616410132.46,,,,,,,merolagani-history
2026-02-11,2662.09,-0.05,-0.0,8692250855.88,,,,,,,merolagani-history
2026-02-12,2671.07,8.98,0.34,11102550966.56,,,,,,,merolagani-history
2026-02-16,2662.91,-8.16,-0.31,7942760220.64,,,,,,,merolagani-history
2026-02-17,2642.15,-20.76,-0.78,8364424555.43,,,,,,,merolagani-history
2026-02-22,2614.55,-27.6,-1.04,6699721204.48,,,,,,,merolagani-history
2026-02-23,2616.97,2.42,0.09,5138649946.77,,,,,,,merolagani-history
2026-02-24,2638.6,21.63,0.83,4232407613.56,,,,,,,merolagani-history
2026-02-25,2648.9,10.3,0.39,4451149080.41,,,,,,,merolagani-history
2026-02-26,2654.93,6.03,0.23,4174630515.28,,,,,,,merolagani-history
2026-03-01,2673.97,19.04,0.72,5648319041.36,,,,,,,merolagani-history
2026-03-03,2712.49,38.52,1.44,6234381480.75,,,,,,,merolagani-history
2026-03-09,2875.43,162.94,6.01,555963894.66,,,,,,,merolagani-history
2026-03-10,2843.35,-32.08,-1.12,21502031320.34,,,,,,,merolagani-history
2026-03-11,2796.57,-46.78,-1.65,13180255157.52,,,,,,,merolagani-history
2026-03-12,2820.44,23.87,0.85,14551946230.27,,,,,,,merolagani-history
2026-03-15,2824.9,4.46,0.16,14329604315.9,,,,,,,merolagani-history
2026-03-16,2798.83,-26.07,-0.92,11974696088.01,,,,,,,merolagani-history
2026-03-17,2812.34,13.51,0.48,12034406328.72,,,,,,,merolagani-history
2026-03-19,2877.03,64.69,2.3,21223494886.98,,,,,,,merolagani-history
2026-03-22,2931.55,54.52,1.9,23597712182.84,,,,,,,merolagani-history
2026-03-23,2936.56,5.01,0.17,15786313440.12,,,,,,,merolagani-history
2026-03-24,2960.4,23.84,0.81,14839183643.29,,,,,,,merolagani-history
2026-03-25,2935.94,-24.46,-0.83,15090416846.15,,,,,,,merolagani-history
2026-03-26,2950.16,14.22,0.48,13162298717.48,,,,,,,merolagani-history
2026-03-29,2879.11,-71.05,-2.41,15033310867.98,,,,,,,merolagani-history
2026-03-30,2831.39,-47.72,-1.66,12966659168.04,,,,,,,merolagani-history
2026-03-31,2851.09,19.7,0.7,11112418806.96,,,,,,,merolagani-history
2026-04-01,2776.36,-74.73,-2.62,12109525561.59,,,,,,,merolagani-history
2026-04-02,2782.18,5.82,0.21,8819723335.29,,,,,,,merolagani-history
2026-04-05,2676.68,-105.5,-3.79,12380914570.47,,,,,,,merolagani-history
2026-04-06,2760.02,83.34,3.11,10928506863.02,,,,,,,merolagani-history
2026-04-07,2757.4,-2.62,-0.09,6737148150.66,,,,,,,merolagani-history
2026-04-08,2802.52,45.12,1.64,8318908441.52,,,,,,,merolagani-history
2026-04-09,2851.24,48.72,1.74,9919210211.24,,,,,,,merolagani-history
2026-04-10,2837.78,-13.46,-0.47,8993280967.98,,,,,,,merolagani-history
2026-04-13,2833.6,-4.18,-0.15,8665568641.79,,,,,,,merolagani-history
2026-04-15,2866.87,33.27,1.17,10537008796.56,,,,,,,merolagani-history
2026-04-16,2833.03,-33.84,-1.18,9312860808.27,,,,,,,merolagani-history
2026-04-17,2838.4,5.37,0.19,7460698098.48,,,,,,,merolagani-history
2026-04-20,2825.23,-13.17,-0.46,5434240276.3,,,,,,,merolagani-history
2026-04-21,2807.12,-18.11,-0.64,5774317879.28,,,,,,,merolagani-history
2026-04-22,2804.17,-2.95,-0.11,7813947342.89,,,,,,,merolagani-history
2026-04-23,2787.15,-17.02,-0.61,5095905757.17,,,,,,,merolagani-history
2026-04-24,2788.7,1.55,0.06,5270399727.64,,,,,,,merolagani-history
2026-04-27,2796.43,7.73,0.28,4748809127.76,,,,,,,merolagani-history
2026-04-28,2770.26,-26.17,-0.94,6531723226.36,,,,,,,merolagani-history
2026-04-29,2744.45,-25.81,-0.93,4986303313.38,,,,,,,merolagani-history
2026-04-30,2738.72,-5.73,-0.21,4916626848.56,,,,,,,merolagani-history
2026-05-04,2704.08,-34.64,-1.26,4265390204.72,,,,,,,merolagani-history
2026-05-05,2712.86,8.78,0.32,3439068392.77,,,,,,,merolagani-history
2026-05-06,2711.22,-1.64,-0.06,3197766779.16,,,,,,,merolagani-history
2026-05-07,2718.16,6.94,0.26,2931968877.57,,,,,,,merolagani-history
2026-05-08,2745.65,27.49,1.01,3286870559.39,,,,,,,merolagani-history
2026-05-11,2783.85,38.2,1.39,4613563635.83,,,,,,,merolagani-history
2026-05-12,2744.4,-39.45,-1.42,4665020677.74,,,,,,,merolagani-history
2026-05-13,2740.25,-4.15,-0.15,2807446361.53,,,,,,,merolagani-history
2026-05-14,2730.17,-10.08,-0.37,3290244619.94,,,,,,,merolagani-history
2026-05-15,2731.94,1.77,0.06,3097953486.78,,,,,,,merolagani-history
2026-05-18,2730.91,-1.03,-0.04,2450878449.3,,,,,,,merolagani-history
2026-05-19,2724.39,-6.52,-0.24,3087730962.64,,,,,,,merolagani-history
2026-05-20,2754.48,30.09,1.1,3820896966.85,,,,,,,merolagani-history
2026-05-21,2742.11,-12.37,-0.45,3898418385.27,,,,,,,merolagani-history
2026-05-22,2758.49,16.38,0.6,4498516094.11,,,,,,,merolagani-history
2026-05-25,2786.35,27.86,1.01,5986412600.49,,,,,,,merolagani-history
2026-05-26,2777.1,-9.25,-0.33,4854444170.67,,,,,,,merolagani-history
2026-05-27,2782.1,5.0,0.18,6030064840.96,,,,,,,merolagani-history
2026-06-01,2755.37,-26.73,-0.96,5614374928.74,,,,,,,merolagani-history
2026-06-02,2777.58,22.21,0.81,5265275299.01,,,,,,,merolagani-history
2026-06-03,2780.25,2.67,0.1,5738178165.24,,,,,,,merolagani-history
2026-06-04,2766.78,-13.47,-0.48,4703326944.97,,,,,,,merolagani-history
2026-06-05,2755.41,-11.37,-0.41,5625611823.7,,,,,,,merolagani-history
2026-06-08,2735.14,-20.27,-0.74,4084896190.31,,,,,,,merolagani-history
2026-06-09,2733.59,-1.55,-0.06,6443190291.71,,,,,,,merolagani-history
2026-06-10,2736.17,2.58,0.09,4297464327.6,,,,,,,merolagani-history
2026-06-11,2728.03,-8.14,-0.3,3906244894.06,,,,,,,merolagani-history
2026-06-12,2724.03,-4.0,-0.15,4341094764.19,,,,,,,merolagani-history
2026-06-15,2711.76,-12.27,-0.45,4412048609.9,,,,,,,merolagani-history
2026-06-16,2705.45,-6.31,-0.23,4047858084.12,,,,,,,merolagani-history
2026-06-17,2705.53,0.08,0.0,3637589010.09,,,,,,,merolagani-history
2026-06-18,2700.47,-5.06,-0.19,3414823798.68,,,,,,,merolagani-history
2026-06-19,2702.11,1.64,0.06,4534983568.16,,,,,,,merolagani-history
2026-06-22,2700.65,-1.46,-0.05,4446520247.39,,,,,,,merolagani-history
2026-06-23,2674.48,-26.17,-0.97,4362194771.59,,,,,,,merolagani-history
2026-06-24,2660.02,-14.46,-0.54,4418607486.62,,,,,,,merolagani-history
2026-06-25,2651.52,-8.5,-0.32,2838279411.62,,,,,,,merolagani-history
2026-06-26,2649.51,-2.01,-0.08,3945804552.36,,,,,,,merolagani-history
2026-06-29,2632.96,-16.55,-0.62,2671832965.38,,,,,,,merolagani-history
2026-06-30,2608.33,-24.63,-0.94,3258758014.1,,,,,,,merolagani-history
2026-07-01,2652.93,44.6,1.71,3861183410.26,,,,,,,merolagani-history
2026-07-02,2661.71,8.78,0.33,4117785700.28,,,,,,,merolagani-history
2026-07-03,2653.4,-8.31,-0.31,4412340537.05,,,,,,,merolagani-history
2026-07-06,2627.11,-26.29,-0.99,3557981498.91,,,,,,,merolagani-history
2026-07-07,2651.68,24.57,0.94,4400752542.1,,,,,,,merolagani-history
2026-07-08,2621.59,-30.09,-1.13,4826084825.28,,,,,,,merolagani-history
2026-07-09,2601.92,-19.67,-0.75,4611954782.83,,,,,,,merolagani-history
2026-07-10,2600.78,-1.14,-0.04,6860718658.0,,,,,,,merolagani-history
2026-07-13,2570.18,-30.6,-1.18,7468416116.81,,,,,,,merolagani-history
2026-07-14,2576.29,6.11,0.24,8417570425.82,,,,,,,merolagani-history
2026-07-15,2590.29,14.0,0.54,4170398049.64,,,,,,,merolagani-history
2026-07-16,2597.8,7.51,0.29,4562950700.46,,,,,,,merolagani-history
2026-07-17,2677.54,79.74,3.07,4575094723.51,,,,,,,merolagani-history
2026-07-20,2719.24,41.7,1.56,5512688979.28,,,,,,,merolagani-history
2026-07-21,2726.49,7.25,0.27,6671017971.84,,,,,,,merolagani-history
2026-07-22,2712.54,-13.95,-0.51,5187467073.77,,,,,,,merolagani-history
2026-07-23,2726.72,14.18,0.52,4693449370.68,,,,,,,merolagani-history
2026-07-24,2734.6,7.88,0.29,6267226722.57,,,,,,,merolagani-history
2026-07-27,2701.32,-33.28,-1.22,6080863354.65,,,,,,,merolagani-history
2026-07-28,2696.67,-4.65,-0.17,4427305542.17,,,,,,,merolagani-history
2026-07-29,2688.88,-7.79,-0.29,4029330921.28,,,,,,,merolagani-history
2026-07-30,2672.58,-16.3,-0.61,3381318248.02,,,,,,,merolagani-history
2026-07-31,2685.54,12.96,0.48,3759722340.76,,,,,,,merolagani-history
2026-08-03,2684.33,-1.21,-0.05,4572084231.4,,,,,,,merolagani-history
2026-08-04,2663.18,-21.15,-0.79,4070853610.94,,,,,,,merolagani-history
2026-08-05,2667.97,4.79,0.18,4409886457.71,,,,,,,merolagani-history
2026-08-06,2654.15,-13.82,-0.52,4622777442.29,,,,,,,merolagani-history
2026-08-07,2650.09,-4.06,-0.15,3774361541.21,,,,,,,merolagani-history
2026-08-10,2641.06,-9.03,-0.34,3674419766.3,,,,,,,merolagani-history
2026-08-11,2641.85,0.79,0.03,4110974674.86,,,,,,,merolagani-history
2026-08-12,2642.4,0.55,0.02,3532105518.27,,,,,,,merolagani-history
2026-08-13,2651.21,8.81,0.33,3724770077.5,,,,,,,merolagani-history
2026-08-14,2643.83,-7.38,-0.28,4275675402.84,,,,,,,merolagani-history
2026-08-17,2641.82,-2.01,-0.08,5525511872.75,,,,,,,merolagani-history
2026-08-18,2622.48,-19.34,-0.73,5073518662.9,,,,,,,merolagani-history
2026-08-19,2622.22,-0.26,-0.01,3298019571.29,,,,,,,merolagani-history
2026-08-20,2629.4,7.18,0.27,4401409858.14,,,,,,,merolagani-history
2026-08-21,2618.72,-10.68,-0.41,4167618882.32,,,,,,,merolagani-history
2026-08-24,2599.58,-19.14,-0.73,3239760549.52,,,,,,,merolagani-history
2026-08-25,2594.27,-5.31,-0.2,4109751730.03,,,,,,,merolagani-history
2026-08-26,2558.35,-35.92,-1.38,4773857657.46,,,,,,,merolagani-history
2026-08-27,2557.31,-1.04,-0.04,3786455070.27,,,,,,,merolagani-history
2026-08-31,2513.42,-43.89,-1.72,3648609878.0,,,,,,,merolagani-history
2026-09-01,2522.66,9.24,0.37,2906943633.0,,,,,,,merolagani-history
2026-09-02,2538.11,15.45,0.61,2942781826.16,,,,,,,merolagani-history
2026-09-03,2542.77,4.66,0.18,3465201042.79,,,,,,,merolagani-history
2026-09-07,2560.84,18.07,0.71,3831584423.16,,,,,,,merolagani-history
2026-09-09,2545.4,-15.44,-0.6,4198921039.07,,,,,,,merolagani-history
2026-09-10,2531.55,-13.85,-0.54,4000971898.77,,,,,,,merolagani-history
2026-09-11,2559.49,27.94,1.1,4360159487.26,,,,,,,merolagani-history
2026-09-14,2585.04,25.55,1.0,4688682303.71,,,,,,,merolagani-history
2026-09-15,2633.62,48.58,1.88,8290017115.61,,,,,,,merolagani-history
2026-09-16,2612.42,-21.2,-0.8,5389570064.0,,,,,,,merolagani-history
2026-09-17,2624.36,11.94,0.46,5499316643.53,,,,,,,merolagani-history
2026-09-18,2647.22,22.86,0.87,6745631607.18,,,,,,,merolagani-history
2026-09-22,2654.28,7.06,0.27,7050398624.97,,,,,,,merolagani-history
2026-09-23,2618.03,-36.25,-1.37,6356611395.73,,,,,,,merolagani-history
2026-09-24,2629.81,11.78,0.45,5445070568.2,17268399,51708,353,208,129,16,sharesansar.com + merolagani.com
